"Search interest in James Comey by county over the past week in the US, April 12, 2018 - April 18, 2018",
Search interest has been indexed to 100 where 100 is the maximum search interest in the given time period. ,
County,Search Interest
"Autauga County, Alabama",9
"Baldwin County, Alabama",14
"Barbour County, Alabama",11
"Bibb County, Alabama",6
"Blount County, Alabama",9
"Bullock County, Alabama",4
"Butler County, Alabama",14
"Calhoun County, Alabama",9
"Chambers County, Alabama",8
"Cherokee County, Alabama",7
"Chilton County, Alabama",5
"Choctaw County, Alabama",6
"Clarke County, Alabama",5
"Clay County, Alabama",9
"Cleburne County, Alabama",10
"Coffee County, Alabama",8
"Colbert County, Alabama",9
"Conecuh County, Alabama",11
"Coosa County, Alabama",15
"Covington County, Alabama",18
"Crenshaw County, Alabama",7
"Cullman County, Alabama",10
"Dale County, Alabama",7
"Dallas County, Alabama",7
"DeKalb County, Alabama",10
"Elmore County, Alabama",11
"Escambia County, Alabama",12
"Etowah County, Alabama",9
"Fayette County, Alabama",9
"Franklin County, Alabama",11
"Geneva County, Alabama",9
"Greene County, Alabama",18
"Hale County, Alabama",10
"Henry County, Alabama",8
"Houston County, Alabama",10
"Jackson County, Alabama",11
"Jefferson County, Alabama",14
"Lamar County, Alabama",7
"Lauderdale County, Alabama",12
"Lawrence County, Alabama",6
"Lee County, Alabama",10
"Limestone County, Alabama",13
"Lowndes County, Alabama",10
"Macon County, Alabama",15
"Madison County, Alabama",17
"Marengo County, Alabama",12
"Marion County, Alabama",8
"Marshall County, Alabama",8
"Mobile County, Alabama",11
"Monroe County, Alabama",5
"Montgomery County, Alabama",10
"Morgan County, Alabama",12
"Perry County, Alabama",3
"Pickens County, Alabama",10
"Pike County, Alabama",7
"Randolph County, Alabama",8
"Russell County, Alabama",11
"St. Clair County, Alabama",10
"Shelby County, Alabama",14
"Sumter County, Alabama",6
"Talladega County, Alabama",7
"Tallapoosa County, Alabama",7
"Tuscaloosa County, Alabama",13
"Walker County, Alabama",6
"Washington County, Alabama",3
"Wilcox County, Alabama",0
"Winston County, Alabama",10
"Aleutians East, Alaska",0
"Aleutians West, Alaska",4
"Anchorage, Alaska",14
"Bethel, Alaska",9
"Bristol Bay, Alaska",0
"Denali, Alaska",25
"Dillingham, Alaska",36
"Fairbanks North Star, Alaska",15
"Haines, Alaska",15
"Juneau, Alaska",25
"Kenai Peninsula Borough, Alaska",16
"Ketchikan Gateway, Alaska",0
"Kodiak Island, Alaska",14
"Lake and Peninsula, Alaska",0
"Matanuska-Susitna, Alaska",13
"Nome, Alaska",9
"North Slope, Alaska",13
"Northwest Arctic, Alaska",6
"Prince of Wales-Hyder Census Area, Alaska",16
"Sitka, Alaska",14
"Hoonah-Angoon, Alaska",0
"Southeast Fairbanks, Alaska",18
"Valdez-Cordova, Alaska",13
"Wade Hampton, Alaska",0
"Petersburg Borough, Alaska",14
"Yakutat, Alaska",0
"Yukon-Koyukuk, Alaska",18
"Apache County, Arizona",8
"Cochise County, Arizona",16
"Coconino County, Arizona",16
"Gila County, Arizona",21
"Graham County, Arizona",9
"Greenlee County, Arizona",8
"La Paz County, Arizona",10
"Maricopa County, Arizona",18
"Mohave County, Arizona",17
"Navajo County, Arizona",13
"Pima County, Arizona",22
"Pinal County, Arizona",16
"Santa Cruz County, Arizona",11
"Yavapai County, Arizona",26
"Yuma County, Arizona",11
"Arkansas County, Arkansas",7
"Ashley County, Arkansas",6
"Baxter County, Arkansas",12
"Benton County, Arkansas",13
"Boone County, Arkansas",7
"Bradley County, Arkansas",5
"Calhoun County, Arkansas",15
"Carroll County, Arkansas",17
"Chicot County, Arkansas",5
"Clark County, Arkansas",6
"Clay County, Arkansas",5
"Cleburne County, Arkansas",17
"Cleveland County, Arkansas",8
"Columbia County, Arkansas",8
"Conway County, Arkansas",11
"Craighead County, Arkansas",11
"Crawford County, Arkansas",10
"Crittenden County, Arkansas",10
"Cross County, Arkansas",11
"Dallas County, Arkansas",10
"Desha County, Arkansas",17
"Drew County, Arkansas",5
"Faulkner County, Arkansas",12
"Franklin County, Arkansas",10
"Fulton County, Arkansas",10
"Garland County, Arkansas",15
"Grant County, Arkansas",7
"Greene County, Arkansas",13
"Hempstead County, Arkansas",7
"Hot Spring County, Arkansas",11
"Howard County, Arkansas",9
"Independence County, Arkansas",9
"Izard County, Arkansas",7
"Jackson County, Arkansas",9
"Jefferson County, Arkansas",10
"Johnson County, Arkansas",7
"Lafayette County, Arkansas",8
"Lawrence County, Arkansas",9
"Lee County, Arkansas",6
"Lincoln County, Arkansas",11
"Little River County, Arkansas",13
"Logan County, Arkansas",8
"Lonoke County, Arkansas",12
"Madison County, Arkansas",7
"Marion County, Arkansas",18
"Miller County, Arkansas",10
"Mississippi County, Arkansas",8
"Monroe County, Arkansas",21
"Montgomery County, Arkansas",10
"Nevada County, Arkansas",11
"Newton County, Arkansas",14
"Ouachita County, Arkansas",12
"Perry County, Arkansas",9
"Phillips County, Arkansas",9
"Pike County, Arkansas",12
"Poinsett County, Arkansas",5
"Polk County, Arkansas",6
"Pope County, Arkansas",8
"Prairie County, Arkansas",4
"Pulaski County, Arkansas",17
"Randolph County, Arkansas",12
"St. Francis County, Arkansas",9
"Saline County, Arkansas",11
"Scott County, Arkansas",4
"Searcy County, Arkansas",5
"Sebastian County, Arkansas",12
"Sevier County, Arkansas",8
"Sharp County, Arkansas",11
"Stone County, Arkansas",11
"Union County, Arkansas",9
"Van Buren County, Arkansas",19
"Washington County, Arkansas",13
"White County, Arkansas",10
"Woodruff County, Arkansas",21
"Yell County, Arkansas",0
"Alameda County, California",28
"Alpine County, California",31
"Amador County, California",25
"Butte County, California",17
"Calaveras County, California",23
"Colusa County, California",12
"Contra Costa County, California",29
"Del Norte County, California",19
"El Dorado County, California",30
"Fresno County, California",14
"Glenn County, California",21
"Humboldt County, California",25
"Imperial County, California",10
"Inyo County, California",33
"Kern County, California",10
"Kings County, California",9
"Lake County, California",23
"Lassen County, California",19
"Los Angeles County, California",22
"Madera County, California",12
"Marin County, California",49
"Mariposa County, California",22
"Mendocino County, California",29
"Merced County, California",9
"Modoc County, California",7
"Mono County, California",24
"Monterey County, California",21
"Napa County, California",26
"Nevada County, California",33
"Orange County, California",20
"Placer County, California",24
"Plumas County, California",26
"Riverside County, California",15
"Sacramento County, California",18
"San Benito County, California",17
"San Bernardino County, California",12
"San Diego County, California",22
"San Francisco County, California",35
"San Joaquin County, California",12
"San Luis Obispo County, California",24
"San Mateo County, California",31
"Santa Barbara County, California",26
"Santa Clara County, California",22
"Santa Cruz County, California",38
"Shasta County, California",18
"Sierra County, California",19
"Siskiyou County, California",22
"Solano County, California",19
"Sonoma County, California",35
"Stanislaus County, California",12
"Sutter County, California",12
"Tehama County, California",15
"Trinity County, California",15
"Tulare County, California",9
"Tuolumne County, California",20
"Ventura County, California",24
"Yolo County, California",22
"Yuba County, California",12
"Adams County, Colorado",14
"Alamosa County, Colorado",7
"Arapahoe County, Colorado",18
"Archuleta County, Colorado",19
"Baca County, Colorado",11
"Bent County, Colorado",7
"Boulder County, Colorado",27
"Broomfield County, Colorado",25
"Chaffee County, Colorado",31
"Cheyenne County, Colorado",14
"Clear Creek County, Colorado",29
"Conejos County, Colorado",19
"Costilla County, Colorado",22
"Crowley County, Colorado",20
"Custer County, Colorado",35
"Delta County, Colorado",20
"Denver County, Colorado",23
"Dolores County, Colorado",56
"Douglas County, Colorado",21
"Eagle County, Colorado",21
"Elbert County, Colorado",16
"El Paso County, Colorado",17
"Fremont County, Colorado",19
"Garfield County, Colorado",20
"Gilpin County, Colorado",25
"Grand County, Colorado",27
"Gunnison County, Colorado",29
"Hinsdale County, Colorado",0
"Huerfano County, Colorado",41
"Jackson County, Colorado",24
"Jefferson County, Colorado",23
"Kiowa County, Colorado",21
"Kit Carson County, Colorado",6
"Lake County, Colorado",11
"La Plata County, Colorado",23
"Larimer County, Colorado",20
"Las Animas County, Colorado",22
"Lincoln County, Colorado",7
"Logan County, Colorado",7
"Mesa County, Colorado",14
"Mineral County, Colorado",8
"Moffat County, Colorado",9
"Montezuma County, Colorado",15
"Montrose County, Colorado",22
"Morgan County, Colorado",8
"Otero County, Colorado",5
"Ouray County, Colorado",21
"Park County, Colorado",22
"Phillips County, Colorado",5
"Pitkin County, Colorado",28
"Prowers County, Colorado",10
"Pueblo County, Colorado",14
"Rio Blanco County, Colorado",7
"Rio Grande County, Colorado",12
"Routt County, Colorado",26
"Saguache County, Colorado",26
"San Juan County, Colorado",41
"San Miguel County, Colorado",36
"Sedgwick County, Colorado",20
"Summit County, Colorado",21
"Teller County, Colorado",20
"Washington County, Colorado",9
"Weld County, Colorado",15
"Yuma County, Colorado",4
"Fairfield County, Connecticut",31
"Hartford County, Connecticut",20
"Litchfield County, Connecticut",26
"Middlesex County, Connecticut",30
"New Haven County, Connecticut",24
"New London County, Connecticut",20
"Tolland County, Connecticut",20
"Windham County, Connecticut",17
"Kent County, Delaware",14
"New Castle County, Delaware",20
"Sussex County, Delaware",26
"Alachua County, Florida",18
"Baker County, Florida",5
"Bay County, Florida",13
"Bradford County, Florida",8
"Brevard County, Florida",19
"Broward County, Florida",19
"Calhoun County, Florida",8
"Charlotte County, Florida",24
"Citrus County, Florida",17
"Clay County, Florida",13
"Collier County, Florida",29
"Columbia County, Florida",10
"DeSoto County, Florida",17
"Dixie County, Florida",17
"Duval County, Florida",14
"Escambia County, Florida",15
"Flagler County, Florida",20
"Franklin County, Florida",29
"Gadsden County, Florida",9
"Gilchrist County, Florida",11
"Glades County, Florida",13
"Gulf County, Florida",18
"Hamilton County, Florida",5
"Hardee County, Florida",8
"Hendry County, Florida",10
"Hernando County, Florida",18
"Highlands County, Florida",15
"Hillsborough County, Florida",16
"Holmes County, Florida",5
"Indian River County, Florida",26
"Jackson County, Florida",11
"Jefferson County, Florida",22
"Lafayette County, Florida",3
"Lake County, Florida",19
"Lee County, Florida",21
"Leon County, Florida",20
"Levy County, Florida",17
"Liberty County, Florida",4
"Madison County, Florida",7
"Manatee County, Florida",26
"Marion County, Florida",15
"Martin County, Florida",26
"Miami-Dade County, Florida",14
"Monroe County, Florida",19
"Nassau County, Florida",22
"Okaloosa County, Florida",15
"Okeechobee County, Florida",8
"Orange County, Florida",15
"Osceola County, Florida",12
"Palm Beach County, Florida",24
"Pasco County, Florida",18
"Pinellas County, Florida",24
"Polk County, Florida",12
"Putnam County, Florida",10
"St. Johns County, Florida",25
"St. Lucie County, Florida",18
"Santa Rosa County, Florida",16
"Sarasota County, Florida",32
"Seminole County, Florida",16
"Sumter County, Florida",37
"Suwannee County, Florida",8
"Taylor County, Florida",13
"Union County, Florida",4
"Volusia County, Florida",18
"Wakulla County, Florida",18
"Walton County, Florida",18
"Washington County, Florida",10
"Appling County, Georgia",4
"Atkinson County, Georgia",6
"Bacon County, Georgia",16
"Baker County, Georgia",0
"Baldwin County, Georgia",8
"Banks County, Georgia",5
"Barrow County, Georgia",11
"Bartow County, Georgia",10
"Ben Hill County, Georgia",15
"Berrien County, Georgia",4
"Bibb County, Georgia",11
"Bleckley County, Georgia",5
"Brantley County, Georgia",2
"Brooks County, Georgia",3
"Bryan County, Georgia",14
"Bulloch County, Georgia",8
"Burke County, Georgia",5
"Butts County, Georgia",11
"Calhoun County, Georgia",10
"Camden County, Georgia",11
"Candler County, Georgia",100
"Carroll County, Georgia",11
"Catoosa County, Georgia",14
"Charlton County, Georgia",7
"Chatham County, Georgia",15
"Chattahoochee County, Georgia",9
"Chattooga County, Georgia",13
"Cherokee County, Georgia",19
"Clarke County, Georgia",17
"Clay County, Georgia",23
"Clayton County, Georgia",11
"Clinch County, Georgia",9
"Cobb County, Georgia",20
"Coffee County, Georgia",5
"Colquitt County, Georgia",6
"Columbia County, Georgia",13
"Cook County, Georgia",8
"Coweta County, Georgia",15
"Crawford County, Georgia",13
"Crisp County, Georgia",4
"Dade County, Georgia",8
"Dawson County, Georgia",25
"Decatur County, Georgia",9
"DeKalb County, Georgia",21
"Dodge County, Georgia",4
"Dooly County, Georgia",8
"Dougherty County, Georgia",7
"Douglas County, Georgia",17
"Early County, Georgia",9
"Echols County, Georgia",8
"Effingham County, Georgia",8
"Elbert County, Georgia",15
"Emanuel County, Georgia",5
"Evans County, Georgia",9
"Fannin County, Georgia",18
"Fayette County, Georgia",15
"Floyd County, Georgia",12
"Forsyth County, Georgia",18
"Franklin County, Georgia",7
"Fulton County, Georgia",19
"Gilmer County, Georgia",24
"Glascock County, Georgia",6
"Glynn County, Georgia",17
"Gordon County, Georgia",8
"Grady County, Georgia",8
"Greene County, Georgia",24
"Gwinnett County, Georgia",15
"Habersham County, Georgia",14
"Hall County, Georgia",13
"Hancock County, Georgia",22
"Haralson County, Georgia",6
"Harris County, Georgia",18
"Hart County, Georgia",8
"Heard County, Georgia",6
"Henry County, Georgia",11
"Houston County, Georgia",11
"Irwin County, Georgia",2
"Jackson County, Georgia",13
"Jasper County, Georgia",9
"Jeff Davis County, Georgia",7
"Jefferson County, Georgia",11
"Jenkins County, Georgia",10
"Johnson County, Georgia",5
"Jones County, Georgia",15
"Lamar County, Georgia",6
"Lanier County, Georgia",2
"Laurens County, Georgia",10
"Lee County, Georgia",8
"Liberty County, Georgia",7
"Lincoln County, Georgia",8
"Long County, Georgia",3
"Lowndes County, Georgia",10
"Lumpkin County, Georgia",16
"McDuffie County, Georgia",6
"McIntosh County, Georgia",17
"Macon County, Georgia",7
"Madison County, Georgia",15
"Marion County, Georgia",15
"Meriwether County, Georgia",10
"Miller County, Georgia",8
"Mitchell County, Georgia",5
"Monroe County, Georgia",8
"Montgomery County, Georgia",6
"Morgan County, Georgia",21
"Murray County, Georgia",9
"Muscogee County, Georgia",12
"Newton County, Georgia",11
"Oconee County, Georgia",23
"Oglethorpe County, Georgia",18
"Paulding County, Georgia",13
"Peach County, Georgia",9
"Pickens County, Georgia",15
"Pierce County, Georgia",12
"Pike County, Georgia",10
"Polk County, Georgia",10
"Pulaski County, Georgia",8
"Putnam County, Georgia",13
"Quitman County, Georgia",0
"Rabun County, Georgia",17
"Randolph County, Georgia",9
"Richmond County, Georgia",12
"Rockdale County, Georgia",17
"Schley County, Georgia",20
"Screven County, Georgia",19
"Seminole County, Georgia",9
"Spalding County, Georgia",11
"Stephens County, Georgia",13
"Stewart County, Georgia",10
"Sumter County, Georgia",6
"Talbot County, Georgia",10
"Taliaferro County, Georgia",0
"Tattnall County, Georgia",5
"Taylor County, Georgia",2
"Telfair County, Georgia",7
"Terrell County, Georgia",3
"Thomas County, Georgia",12
"Tift County, Georgia",8
"Toombs County, Georgia",11
"Towns County, Georgia",23
"Treutlen County, Georgia",11
"Troup County, Georgia",10
"Turner County, Georgia",15
"Twiggs County, Georgia",13
"Union County, Georgia",19
"Upson County, Georgia",10
"Walker County, Georgia",8
"Walton County, Georgia",13
"Ware County, Georgia",9
"Warren County, Georgia",14
"Washington County, Georgia",8
"Wayne County, Georgia",5
"Webster County, Georgia",0
"Wheeler County, Georgia",3
"White County, Georgia",14
"Whitfield County, Georgia",9
"Wilcox County, Georgia",2
"Wilkes County, Georgia",15
"Wilkinson County, Georgia",10
"Worth County, Georgia",5
"Hawaii County, Hawaii",20
"Honolulu County, Hawaii",15
"Kalawao County, Hawaii",0
"Kauai County, Hawaii",23
"Maui County, Hawaii",21
"Ada County, Idaho",20
"Adams County, Idaho",14
"Bannock County, Idaho",15
"Bear Lake County, Idaho",16
"Benewah County, Idaho",8
"Bingham County, Idaho",12
"Blaine County, Idaho",38
"Boise County, Idaho",15
"Bonner County, Idaho",23
"Bonneville County, Idaho",11
"Boundary County, Idaho",29
"Butte County, Idaho",3
"Camas County, Idaho",0
"Canyon County, Idaho",12
"Caribou County, Idaho",21
"Cassia County, Idaho",7
"Clark County, Idaho",0
"Clearwater County, Idaho",20
"Custer County, Idaho",24
"Elmore County, Idaho",17
"Franklin County, Idaho",9
"Fremont County, Idaho",9
"Gem County, Idaho",18
"Gooding County, Idaho",10
"Idaho County, Idaho",16
"Jefferson County, Idaho",8
"Jerome County, Idaho",7
"Kootenai County, Idaho",19
"Latah County, Idaho",21
"Lemhi County, Idaho",25
"Lewis County, Idaho",41
"Lincoln County, Idaho",9
"Madison County, Idaho",5
"Minidoka County, Idaho",3
"Nez Perce County, Idaho",20
"Oneida County, Idaho",5
"Owyhee County, Idaho",7
"Payette County, Idaho",13
"Power County, Idaho",10
"Shoshone County, Idaho",14
"Teton County, Idaho",30
"Twin Falls County, Idaho",10
"Valley County, Idaho",29
"Washington County, Idaho",10
"Adams County, Illinois",12
"Alexander County, Illinois",0
"Bond County, Illinois",11
"Boone County, Illinois",10
"Brown County, Illinois",3
"Bureau County, Illinois",18
"Calhoun County, Illinois",5
"Carroll County, Illinois",17
"Cass County, Illinois",5
"Champaign County, Illinois",18
"Christian County, Illinois",9
"Clark County, Illinois",11
"Clay County, Illinois",5
"Clinton County, Illinois",9
"Coles County, Illinois",15
"Cook County, Illinois",22
"Crawford County, Illinois",13
"Cumberland County, Illinois",8
"DeKalb County, Illinois",16
"De Witt County, Illinois",7
"Douglas County, Illinois",10
"DuPage County, Illinois",23
"Edgar County, Illinois",9
"Edwards County, Illinois",25
"Effingham County, Illinois",8
"Fayette County, Illinois",11
"Ford County, Illinois",16
"Franklin County, Illinois",11
"Fulton County, Illinois",12
"Gallatin County, Illinois",24
"Greene County, Illinois",12
"Grundy County, Illinois",17
"Hamilton County, Illinois",23
"Hancock County, Illinois",14
"Hardin County, Illinois",16
"Henderson County, Illinois",20
"Henry County, Illinois",17
"Iroquois County, Illinois",9
"Jackson County, Illinois",13
"Jasper County, Illinois",12
"Jefferson County, Illinois",14
"Jersey County, Illinois",12
"Jo Daviess County, Illinois",26
"Johnson County, Illinois",13
"Kane County, Illinois",18
"Kankakee County, Illinois",13
"Kendall County, Illinois",17
"Knox County, Illinois",15
"Lake County, Illinois",21
"LaSalle County, Illinois",14
"Lawrence County, Illinois",19
"Lee County, Illinois",20
"Livingston County, Illinois",13
"Logan County, Illinois",12
"McDonough County, Illinois",11
"McHenry County, Illinois",19
"McLean County, Illinois",12
"Macon County, Illinois",11
"Macoupin County, Illinois",16
"Madison County, Illinois",13
"Marion County, Illinois",10
"Marshall County, Illinois",12
"Mason County, Illinois",8
"Massac County, Illinois",9
"Menard County, Illinois",21
"Mercer County, Illinois",18
"Monroe County, Illinois",13
"Montgomery County, Illinois",19
"Morgan County, Illinois",16
"Moultrie County, Illinois",14
"Ogle County, Illinois",17
"Peoria County, Illinois",16
"Perry County, Illinois",15
"Piatt County, Illinois",16
"Pike County, Illinois",13
"Pope County, Illinois",15
"Pulaski County, Illinois",2
"Putnam County, Illinois",13
"Randolph County, Illinois",9
"Richland County, Illinois",10
"Rock Island County, Illinois",17
"St. Clair County, Illinois",13
"Saline County, Illinois",14
"Sangamon County, Illinois",21
"Schuyler County, Illinois",17
"Scott County, Illinois",17
"Shelby County, Illinois",12
"Stark County, Illinois",9
"Stephenson County, Illinois",18
"Tazewell County, Illinois",15
"Union County, Illinois",21
"Vermilion County, Illinois",13
"Wabash County, Illinois",11
"Warren County, Illinois",23
"Washington County, Illinois",8
"Wayne County, Illinois",10
"White County, Illinois",12
"Whiteside County, Illinois",15
"Will County, Illinois",17
"Williamson County, Illinois",20
"Winnebago County, Illinois",14
"Woodford County, Illinois",17
"Adams County, Indiana",16
"Allen County, Indiana",15
"Bartholomew County, Indiana",13
"Benton County, Indiana",11
"Blackford County, Indiana",12
"Boone County, Indiana",20
"Brown County, Indiana",22
"Carroll County, Indiana",7
"Cass County, Indiana",9
"Clark County, Indiana",12
"Clay County, Indiana",13
"Clinton County, Indiana",10
"Crawford County, Indiana",5
"Daviess County, Indiana",10
"Dearborn County, Indiana",10
"Decatur County, Indiana",8
"DeKalb County, Indiana",13
"Delaware County, Indiana",12
"Dubois County, Indiana",14
"Elkhart County, Indiana",10
"Fayette County, Indiana",9
"Floyd County, Indiana",14
"Fountain County, Indiana",11
"Franklin County, Indiana",8
"Fulton County, Indiana",5
"Gibson County, Indiana",11
"Grant County, Indiana",8
"Greene County, Indiana",8
"Hamilton County, Indiana",21
"Hancock County, Indiana",12
"Harrison County, Indiana",11
"Hendricks County, Indiana",14
"Henry County, Indiana",12
"Howard County, Indiana",12
"Huntington County, Indiana",10
"Jackson County, Indiana",8
"Jasper County, Indiana",12
"Jay County, Indiana",10
"Jefferson County, Indiana",10
"Jennings County, Indiana",10
"Johnson County, Indiana",14
"Knox County, Indiana",10
"Kosciusko County, Indiana",10
"LaGrange County, Indiana",12
"Lake County, Indiana",16
"LaPorte County, Indiana",18
"Lawrence County, Indiana",13
"Madison County, Indiana",12
"Marion County, Indiana",15
"Marshall County, Indiana",10
"Martin County, Indiana",15
"Miami County, Indiana",9
"Monroe County, Indiana",21
"Montgomery County, Indiana",13
"Morgan County, Indiana",13
"Newton County, Indiana",10
"Noble County, Indiana",8
"Ohio County, Indiana",10
"Orange County, Indiana",13
"Owen County, Indiana",13
"Parke County, Indiana",8
"Perry County, Indiana",14
"Pike County, Indiana",11
"Porter County, Indiana",20
"Posey County, Indiana",7
"Pulaski County, Indiana",12
"Putnam County, Indiana",10
"Randolph County, Indiana",5
"Ripley County, Indiana",6
"Rush County, Indiana",8
"St. Joseph County, Indiana",18
"Scott County, Indiana",5
"Shelby County, Indiana",9
"Spencer County, Indiana",11
"Starke County, Indiana",9
"Steuben County, Indiana",11
"Sullivan County, Indiana",8
"Switzerland County, Indiana",10
"Tippecanoe County, Indiana",15
"Tipton County, Indiana",7
"Union County, Indiana",6
"Vanderburgh County, Indiana",13
"Vermillion County, Indiana",10
"Vigo County, Indiana",12
"Wabash County, Indiana",12
"Warren County, Indiana",16
"Warrick County, Indiana",15
"Washington County, Indiana",10
"Wayne County, Indiana",10
"Wells County, Indiana",9
"White County, Indiana",12
"Whitley County, Indiana",15
"Adair County, Iowa",16
"Adams County, Iowa",12
"Allamakee County, Iowa",12
"Appanoose County, Iowa",13
"Audubon County, Iowa",12
"Benton County, Iowa",15
"Black Hawk County, Iowa",14
"Boone County, Iowa",18
"Bremer County, Iowa",14
"Buchanan County, Iowa",17
"Buena Vista County, Iowa",8
"Butler County, Iowa",16
"Calhoun County, Iowa",9
"Carroll County, Iowa",14
"Cass County, Iowa",18
"Cedar County, Iowa",19
"Cerro Gordo County, Iowa",18
"Cherokee County, Iowa",6
"Chickasaw County, Iowa",12
"Clarke County, Iowa",16
"Clay County, Iowa",13
"Clayton County, Iowa",18
"Clinton County, Iowa",12
"Crawford County, Iowa",15
"Dallas County, Iowa",20
"Davis County, Iowa",12
"Decatur County, Iowa",5
"Delaware County, Iowa",17
"Des Moines County, Iowa",12
"Dickinson County, Iowa",18
"Dubuque County, Iowa",13
"Emmet County, Iowa",11
"Fayette County, Iowa",12
"Floyd County, Iowa",19
"Franklin County, Iowa",11
"Fremont County, Iowa",12
"Greene County, Iowa",20
"Grundy County, Iowa",17
"Guthrie County, Iowa",14
"Hamilton County, Iowa",12
"Hancock County, Iowa",16
"Hardin County, Iowa",9
"Harrison County, Iowa",18
"Henry County, Iowa",11
"Howard County, Iowa",20
"Humboldt County, Iowa",11
"Ida County, Iowa",14
"Iowa County, Iowa",21
"Jackson County, Iowa",8
"Jasper County, Iowa",15
"Jefferson County, Iowa",31
"Johnson County, Iowa",27
"Jones County, Iowa",30
"Keokuk County, Iowa",12
"Kossuth County, Iowa",12
"Lee County, Iowa",11
"Linn County, Iowa",25
"Louisa County, Iowa",4
"Lucas County, Iowa",10
"Lyon County, Iowa",12
"Madison County, Iowa",14
"Mahaska County, Iowa",7
"Marion County, Iowa",14
"Marshall County, Iowa",13
"Mills County, Iowa",13
"Mitchell County, Iowa",12
"Monona County, Iowa",17
"Monroe County, Iowa",10
"Montgomery County, Iowa",12
"Muscatine County, Iowa",14
"O'Brien County, Iowa",8
"Osceola County, Iowa",16
"Page County, Iowa",14
"Palo Alto County, Iowa",11
"Plymouth County, Iowa",14
"Pocahontas County, Iowa",9
"Polk County, Iowa",19
"Pottawattamie County, Iowa",13
"Poweshiek County, Iowa",13
"Ringgold County, Iowa",16
"Sac County, Iowa",9
"Scott County, Iowa",15
"Shelby County, Iowa",17
"Sioux County, Iowa",10
"Story County, Iowa",15
"Tama County, Iowa",12
"Taylor County, Iowa",11
"Union County, Iowa",8
"Van Buren County, Iowa",21
"Wapello County, Iowa",11
"Warren County, Iowa",14
"Washington County, Iowa",21
"Wayne County, Iowa",15
"Webster County, Iowa",14
"Winnebago County, Iowa",11
"Winneshiek County, Iowa",14
"Woodbury County, Iowa",15
"Worth County, Iowa",19
"Wright County, Iowa",9
"Allen County, Kansas",8
"Anderson County, Kansas",15
"Atchison County, Kansas",14
"Barber County, Kansas",18
"Barton County, Kansas",11
"Bourbon County, Kansas",11
"Brown County, Kansas",14
"Butler County, Kansas",14
"Chase County, Kansas",16
"Chautauqua County, Kansas",21
"Cherokee County, Kansas",9
"Cheyenne County, Kansas",12
"Clark County, Kansas",19
"Clay County, Kansas",3
"Cloud County, Kansas",10
"Coffey County, Kansas",10
"Comanche County, Kansas",41
"Cowley County, Kansas",13
"Crawford County, Kansas",12
"Decatur County, Kansas",0
"Dickinson County, Kansas",16
"Doniphan County, Kansas",13
"Douglas County, Kansas",24
"Edwards County, Kansas",18
"Elk County, Kansas",7
"Ellis County, Kansas",13
"Ellsworth County, Kansas",3
"Finney County, Kansas",10
"Ford County, Kansas",5
"Franklin County, Kansas",13
"Geary County, Kansas",5
"Gove County, Kansas",4
"Graham County, Kansas",10
"Grant County, Kansas",4
"Gray County, Kansas",21
"Greeley County, Kansas",12
"Greenwood County, Kansas",7
"Hamilton County, Kansas",0
"Harper County, Kansas",11
"Harvey County, Kansas",18
"Haskell County, Kansas",0
"Hodgeman County, Kansas",0
"Jackson County, Kansas",12
"Jefferson County, Kansas",13
"Jewell County, Kansas",6
"Johnson County, Kansas",25
"Kearny County, Kansas",42
"Kingman County, Kansas",5
"Kiowa County, Kansas",34
"Labette County, Kansas",11
"Lane County, Kansas",7
"Leavenworth County, Kansas",17
"Lincoln County, Kansas",16
"Linn County, Kansas",10
"Logan County, Kansas",0
"Lyon County, Kansas",16
"McPherson County, Kansas",13
"Marion County, Kansas",11
"Marshall County, Kansas",15
"Meade County, Kansas",11
"Miami County, Kansas",14
"Mitchell County, Kansas",13
"Montgomery County, Kansas",6
"Morris County, Kansas",15
"Morton County, Kansas",0
"Nemaha County, Kansas",4
"Neosho County, Kansas",10
"Ness County, Kansas",5
"Norton County, Kansas",5
"Osage County, Kansas",21
"Osborne County, Kansas",4
"Ottawa County, Kansas",13
"Pawnee County, Kansas",5
"Phillips County, Kansas",0
"Pottawatomie County, Kansas",10
"Pratt County, Kansas",6
"Rawlins County, Kansas",6
"Reno County, Kansas",10
"Republic County, Kansas",9
"Rice County, Kansas",16
"Riley County, Kansas",10
"Rooks County, Kansas",3
"Rush County, Kansas",0
"Russell County, Kansas",5
"Saline County, Kansas",12
"Scott County, Kansas",7
"Sedgwick County, Kansas",15
"Seward County, Kansas",6
"Shawnee County, Kansas",16
"Sheridan County, Kansas",0
"Sherman County, Kansas",7
"Smith County, Kansas",0
"Stafford County, Kansas",11
"Stanton County, Kansas",0
"Stevens County, Kansas",2
"Sumner County, Kansas",13
"Thomas County, Kansas",13
"Trego County, Kansas",8
"Wabaunsee County, Kansas",10
"Wallace County, Kansas",10
"Washington County, Kansas",0
"Wichita County, Kansas",14
"Wilson County, Kansas",5
"Woodson County, Kansas",35
"Wyandotte County, Kansas",15
"Adair County, Kentucky",9
"Allen County, Kentucky",6
"Anderson County, Kentucky",7
"Ballard County, Kentucky",2
"Barren County, Kentucky",12
"Bath County, Kentucky",11
"Bell County, Kentucky",13
"Boone County, Kentucky",14
"Bourbon County, Kentucky",3
"Boyd County, Kentucky",11
"Boyle County, Kentucky",12
"Bracken County, Kentucky",11
"Breathitt County, Kentucky",7
"Breckinridge County, Kentucky",10
"Bullitt County, Kentucky",7
"Butler County, Kentucky",8
"Caldwell County, Kentucky",10
"Calloway County, Kentucky",14
"Campbell County, Kentucky",16
"Carlisle County, Kentucky",19
"Carroll County, Kentucky",9
"Carter County, Kentucky",6
"Casey County, Kentucky",4
"Christian County, Kentucky",10
"Clark County, Kentucky",14
"Clay County, Kentucky",7
"Clinton County, Kentucky",8
"Crittenden County, Kentucky",6
"Cumberland County, Kentucky",18
"Daviess County, Kentucky",13
"Edmonson County, Kentucky",23
"Elliott County, Kentucky",6
"Estill County, Kentucky",5
"Fayette County, Kentucky",18
"Fleming County, Kentucky",6
"Floyd County, Kentucky",13
"Franklin County, Kentucky",12
"Fulton County, Kentucky",9
"Gallatin County, Kentucky",15
"Garrard County, Kentucky",14
"Grant County, Kentucky",6
"Graves County, Kentucky",12
"Grayson County, Kentucky",9
"Green County, Kentucky",1
"Greenup County, Kentucky",9
"Hancock County, Kentucky",4
"Hardin County, Kentucky",10
"Harlan County, Kentucky",8
"Harrison County, Kentucky",10
"Hart County, Kentucky",6
"Henderson County, Kentucky",11
"Henry County, Kentucky",8
"Hickman County, Kentucky",13
"Hopkins County, Kentucky",11
"Jackson County, Kentucky",9
"Jefferson County, Kentucky",17
"Jessamine County, Kentucky",16
"Johnson County, Kentucky",7
"Kenton County, Kentucky",17
"Knott County, Kentucky",7
"Knox County, Kentucky",10
"Larue County, Kentucky",8
"Laurel County, Kentucky",5
"Lawrence County, Kentucky",7
"Lee County, Kentucky",3
"Leslie County, Kentucky",2
"Letcher County, Kentucky",8
"Lewis County, Kentucky",11
"Lincoln County, Kentucky",5
"Livingston County, Kentucky",9
"Logan County, Kentucky",8
"Lyon County, Kentucky",26
"McCracken County, Kentucky",13
"McCreary County, Kentucky",4
"McLean County, Kentucky",9
"Madison County, Kentucky",13
"Magoffin County, Kentucky",8
"Marion County, Kentucky",5
"Marshall County, Kentucky",10
"Martin County, Kentucky",8
"Mason County, Kentucky",10
"Meade County, Kentucky",12
"Menifee County, Kentucky",10
"Mercer County, Kentucky",12
"Metcalfe County, Kentucky",9
"Monroe County, Kentucky",21
"Montgomery County, Kentucky",5
"Morgan County, Kentucky",4
"Muhlenberg County, Kentucky",11
"Nelson County, Kentucky",11
"Nicholas County, Kentucky",3
"Ohio County, Kentucky",10
"Oldham County, Kentucky",26
"Owen County, Kentucky",9
"Owsley County, Kentucky",0
"Pendleton County, Kentucky",3
"Perry County, Kentucky",4
"Pike County, Kentucky",6
"Powell County, Kentucky",7
"Pulaski County, Kentucky",7
"Robertson County, Kentucky",0
"Rockcastle County, Kentucky",12
"Rowan County, Kentucky",10
"Russell County, Kentucky",7
"Scott County, Kentucky",14
"Shelby County, Kentucky",14
"Simpson County, Kentucky",13
"Spencer County, Kentucky",10
"Taylor County, Kentucky",12
"Todd County, Kentucky",8
"Trigg County, Kentucky",10
"Trimble County, Kentucky",4
"Union County, Kentucky",8
"Warren County, Kentucky",13
"Washington County, Kentucky",18
"Wayne County, Kentucky",8
"Webster County, Kentucky",6
"Whitley County, Kentucky",6
"Wolfe County, Kentucky",14
"Woodford County, Kentucky",26
"Acadia Parish, Louisiana",8
"Allen Parish, Louisiana",3
"Ascension Parish, Louisiana",11
"Assumption Parish, Louisiana",6
"Avoyelles Parish, Louisiana",6
"Beauregard Parish, Louisiana",9
"Bienville Parish, Louisiana",3
"Bossier Parish, Louisiana",9
"Caddo Parish, Louisiana",12
"Calcasieu Parish, Louisiana",8
"Caldwell Parish, Louisiana",12
"Cameron Parish, Louisiana",8
"Catahoula Parish, Louisiana",0
"Claiborne Parish, Louisiana",10
"Concordia Parish, Louisiana",9
"De Soto Parish, Louisiana",8
"East Baton Rouge Parish, Louisiana",14
"East Carroll Parish, Louisiana",6
"East Feliciana Parish, Louisiana",13
"Evangeline Parish, Louisiana",9
"Franklin Parish, Louisiana",7
"Grant Parish, Louisiana",4
"Iberia Parish, Louisiana",9
"Iberville Parish, Louisiana",9
"Jackson Parish, Louisiana",10
"Jefferson Parish, Louisiana",12
"Jefferson Davis Parish, Louisiana",7
"Lafayette Parish, Louisiana",13
"Lafourche Parish, Louisiana",8
"La Salle Parish, Louisiana",9
"Lincoln Parish, Louisiana",7
"Livingston Parish, Louisiana",8
"Madison Parish, Louisiana",8
"Morehouse Parish, Louisiana",8
"Natchitoches Parish, Louisiana",9
"Orleans Parish, Louisiana",17
"Ouachita Parish, Louisiana",11
"Plaquemines Parish, Louisiana",9
"Pointe Coupee Parish, Louisiana",11
"Rapides Parish, Louisiana",8
"Red River Parish, Louisiana",2
"Richland Parish, Louisiana",2
"Sabine Parish, Louisiana",6
"St. Bernard Parish, Louisiana",8
"St. Charles Parish, Louisiana",13
"St. Helena Parish, Louisiana",3
"St. James Parish, Louisiana",8
"St. John the Baptist Parish, Louisiana",10
"St. Landry Parish, Louisiana",9
"St. Martin Parish, Louisiana",10
"St. Mary Parish, Louisiana",8
"St. Tammany Parish, Louisiana",14
"Tangipahoa Parish, Louisiana",7
"Tensas Parish, Louisiana",4
"Terrebonne Parish, Louisiana",6
"Union Parish, Louisiana",8
"Vermilion Parish, Louisiana",11
"Vernon Parish, Louisiana",6
"Washington Parish, Louisiana",8
"Webster Parish, Louisiana",9
"West Baton Rouge Parish, Louisiana",8
"West Carroll Parish, Louisiana",3
"West Feliciana Parish, Louisiana",11
"Winn Parish, Louisiana",4
"Androscoggin County, Maine",15
"Aroostook County, Maine",15
"Cumberland County, Maine",28
"Franklin County, Maine",14
"Hancock County, Maine",28
"Kennebec County, Maine",18
"Knox County, Maine",38
"Lincoln County, Maine",33
"Oxford County, Maine",21
"Penobscot County, Maine",15
"Piscataquis County, Maine",17
"Sagadahoc County, Maine",24
"Somerset County, Maine",20
"Waldo County, Maine",29
"Washington County, Maine",17
"York County, Maine",25
"Allegany County, Maryland",12
"Anne Arundel County, Maryland",24
"Baltimore County, Maryland",20
"Calvert County, Maryland",22
"Caroline County, Maryland",11
"Carroll County, Maryland",19
"Cecil County, Maryland",17
"Charles County, Maryland",19
"Dorchester County, Maryland",22
"Frederick County, Maryland",23
"Garrett County, Maryland",17
"Harford County, Maryland",19
"Howard County, Maryland",30
"Kent County, Maryland",25
"Montgomery County, Maryland",32
"Prince George's County, Maryland",21
"Queen Anne's County, Maryland",19
"St. Mary's County, Maryland",16
"Somerset County, Maryland",11
"Talbot County, Maryland",28
"Washington County, Maryland",15
"Wicomico County, Maryland",17
"Worcester County, Maryland",21
"Barnstable County, Massachusetts",36
"Berkshire County, Massachusetts",27
"Bristol County, Massachusetts",18
"Dukes County, Massachusetts",46
"Essex County, Massachusetts",25
"Franklin County, Massachusetts",29
"Hampden County, Massachusetts",17
"Hampshire County, Massachusetts",28
"Middlesex County, Massachusetts",30
"Nantucket County, Massachusetts",27
"Norfolk County, Massachusetts",24
"Plymouth County, Massachusetts",22
"Suffolk County, Massachusetts",24
"Worcester County, Massachusetts",21
"Alcona County, Michigan",18
"Alger County, Michigan",15
"Allegan County, Michigan",15
"Alpena County, Michigan",15
"Antrim County, Michigan",25
"Arenac County, Michigan",16
"Baraga County, Michigan",7
"Barry County, Michigan",10
"Bay County, Michigan",15
"Benzie County, Michigan",28
"Berrien County, Michigan",17
"Branch County, Michigan",11
"Calhoun County, Michigan",13
"Cass County, Michigan",13
"Charlevoix County, Michigan",18
"Cheboygan County, Michigan",22
"Chippewa County, Michigan",15
"Clare County, Michigan",12
"Clinton County, Michigan",21
"Crawford County, Michigan",14
"Delta County, Michigan",10
"Dickinson County, Michigan",13
"Eaton County, Michigan",14
"Emmet County, Michigan",23
"Genesee County, Michigan",15
"Gladwin County, Michigan",18
"Gogebic County, Michigan",14
"Grand Traverse County, Michigan",22
"Gratiot County, Michigan",15
"Hillsdale County, Michigan",10
"Houghton County, Michigan",13
"Huron County, Michigan",16
"Ingham County, Michigan",18
"Ionia County, Michigan",12
"Iosco County, Michigan",26
"Iron County, Michigan",16
"Isabella County, Michigan",15
"Jackson County, Michigan",15
"Kalamazoo County, Michigan",17
"Kalkaska County, Michigan",12
"Kent County, Michigan",16
"Keweenaw County, Michigan",17
"Lake County, Michigan",15
"Lapeer County, Michigan",16
"Leelanau County, Michigan",22
"Lenawee County, Michigan",15
"Livingston County, Michigan",22
"Luce County, Michigan",12
"Mackinac County, Michigan",17
"Macomb County, Michigan",16
"Manistee County, Michigan",20
"Marquette County, Michigan",16
"Mason County, Michigan",18
"Mecosta County, Michigan",12
"Menominee County, Michigan",15
"Midland County, Michigan",19
"Missaukee County, Michigan",15
"Monroe County, Michigan",15
"Montcalm County, Michigan",14
"Montmorency County, Michigan",15
"Muskegon County, Michigan",15
"Newaygo County, Michigan",19
"Oakland County, Michigan",20
"Oceana County, Michigan",16
"Ogemaw County, Michigan",11
"Ontonagon County, Michigan",20
"Osceola County, Michigan",10
"Oscoda County, Michigan",15
"Otsego County, Michigan",12
"Ottawa County, Michigan",14
"Presque Isle County, Michigan",22
"Roscommon County, Michigan",20
"Saginaw County, Michigan",13
"St. Clair County, Michigan",14
"St. Joseph County, Michigan",12
"Sanilac County, Michigan",9
"Schoolcraft County, Michigan",7
"Shiawassee County, Michigan",16
"Tuscola County, Michigan",10
"Van Buren County, Michigan",17
"Washtenaw County, Michigan",25
"Wayne County, Michigan",15
"Wexford County, Michigan",16
"Aitkin County, Minnesota",14
"Anoka County, Minnesota",19
"Becker County, Minnesota",21
"Beltrami County, Minnesota",17
"Benton County, Minnesota",16
"Big Stone County, Minnesota",15
"Blue Earth County, Minnesota",11
"Brown County, Minnesota",18
"Carlton County, Minnesota",17
"Carver County, Minnesota",21
"Cass County, Minnesota",21
"Chippewa County, Minnesota",6
"Chisago County, Minnesota",25
"Clay County, Minnesota",19
"Clearwater County, Minnesota",12
"Cook County, Minnesota",31
"Cottonwood County, Minnesota",17
"Crow Wing County, Minnesota",14
"Dakota County, Minnesota",23
"Dodge County, Minnesota",12
"Douglas County, Minnesota",19
"Faribault County, Minnesota",12
"Fillmore County, Minnesota",11
"Freeborn County, Minnesota",14
"Goodhue County, Minnesota",15
"Grant County, Minnesota",10
"Hennepin County, Minnesota",22
"Houston County, Minnesota",20
"Hubbard County, Minnesota",17
"Isanti County, Minnesota",17
"Itasca County, Minnesota",20
"Jackson County, Minnesota",17
"Kanabec County, Minnesota",13
"Kandiyohi County, Minnesota",15
"Kittson County, Minnesota",0
"Koochiching County, Minnesota",24
"Lac qui Parle County, Minnesota",14
"Lake County, Minnesota",26
"Lake of the Woods County, Minnesota",3
"Le Sueur County, Minnesota",16
"Lincoln County, Minnesota",15
"Lyon County, Minnesota",12
"McLeod County, Minnesota",14
"Mahnomen County, Minnesota",4
"Marshall County, Minnesota",23
"Martin County, Minnesota",14
"Meeker County, Minnesota",9
"Mille Lacs County, Minnesota",16
"Morrison County, Minnesota",6
"Mower County, Minnesota",19
"Murray County, Minnesota",11
"Nicollet County, Minnesota",13
"Nobles County, Minnesota",11
"Norman County, Minnesota",0
"Olmsted County, Minnesota",18
"Otter Tail County, Minnesota",17
"Pennington County, Minnesota",6
"Pine County, Minnesota",19
"Pipestone County, Minnesota",12
"Polk County, Minnesota",8
"Pope County, Minnesota",16
"Ramsey County, Minnesota",24
"Red Lake County, Minnesota",10
"Redwood County, Minnesota",11
"Renville County, Minnesota",12
"Rice County, Minnesota",16
"Rock County, Minnesota",13
"Roseau County, Minnesota",15
"St. Louis County, Minnesota",20
"Scott County, Minnesota",18
"Sherburne County, Minnesota",15
"Sibley County, Minnesota",10
"Stearns County, Minnesota",13
"Steele County, Minnesota",12
"Stevens County, Minnesota",16
"Swift County, Minnesota",14
"Todd County, Minnesota",9
"Traverse County, Minnesota",11
"Wabasha County, Minnesota",20
"Wadena County, Minnesota",11
"Waseca County, Minnesota",13
"Washington County, Minnesota",20
"Watonwan County, Minnesota",13
"Wilkin County, Minnesota",17
"Winona County, Minnesota",13
"Wright County, Minnesota",15
"Yellow Medicine County, Minnesota",28
"Adams County, Mississippi",6
"Alcorn County, Mississippi",8
"Amite County, Mississippi",5
"Attala County, Mississippi",9
"Benton County, Mississippi",16
"Bolivar County, Mississippi",11
"Calhoun County, Mississippi",8
"Carroll County, Mississippi",0
"Chickasaw County, Mississippi",0
"Choctaw County, Mississippi",0
"Claiborne County, Mississippi",6
"Clarke County, Mississippi",4
"Clay County, Mississippi",12
"Coahoma County, Mississippi",8
"Copiah County, Mississippi",5
"Covington County, Mississippi",11
"DeSoto County, Mississippi",8
"Forrest County, Mississippi",10
"Franklin County, Mississippi",8
"George County, Mississippi",5
"Greene County, Mississippi",4
"Grenada County, Mississippi",9
"Hancock County, Mississippi",16
"Harrison County, Mississippi",13
"Hinds County, Mississippi",12
"Holmes County, Mississippi",0
"Humphreys County, Mississippi",8
"Issaquena County, Mississippi",0
"Itawamba County, Mississippi",7
"Jackson County, Mississippi",11
"Jasper County, Mississippi",3
"Jefferson County, Mississippi",2
"Jefferson Davis County, Mississippi",2
"Jones County, Mississippi",8
"Kemper County, Mississippi",16
"Lafayette County, Mississippi",16
"Lamar County, Mississippi",10
"Lauderdale County, Mississippi",12
"Lawrence County, Mississippi",7
"Leake County, Mississippi",10
"Lee County, Mississippi",6
"Leflore County, Mississippi",12
"Lincoln County, Mississippi",10
"Lowndes County, Mississippi",9
"Madison County, Mississippi",15
"Marion County, Mississippi",7
"Marshall County, Mississippi",10
"Monroe County, Mississippi",6
"Montgomery County, Mississippi",10
"Neshoba County, Mississippi",6
"Newton County, Mississippi",10
"Noxubee County, Mississippi",12
"Oktibbeha County, Mississippi",11
"Panola County, Mississippi",10
"Pearl River County, Mississippi",10
"Perry County, Mississippi",4
"Pike County, Mississippi",7
"Pontotoc County, Mississippi",13
"Prentiss County, Mississippi",3
"Quitman County, Mississippi",11
"Rankin County, Mississippi",9
"Scott County, Mississippi",5
"Sharkey County, Mississippi",0
"Simpson County, Mississippi",2
"Smith County, Mississippi",14
"Stone County, Mississippi",12
"Sunflower County, Mississippi",8
"Tallahatchie County, Mississippi",14
"Tate County, Mississippi",11
"Tippah County, Mississippi",3
"Tishomingo County, Mississippi",7
"Tunica County, Mississippi",12
"Union County, Mississippi",10
"Walthall County, Mississippi",8
"Warren County, Mississippi",8
"Washington County, Mississippi",13
"Wayne County, Mississippi",7
"Webster County, Mississippi",2
"Wilkinson County, Mississippi",5
"Winston County, Mississippi",3
"Yalobusha County, Mississippi",6
"Yazoo County, Mississippi",8
"Adair County, Missouri",15
"Andrew County, Missouri",18
"Atchison County, Missouri",12
"Audrain County, Missouri",14
"Barry County, Missouri",7
"Barton County, Missouri",9
"Bates County, Missouri",17
"Benton County, Missouri",13
"Bollinger County, Missouri",7
"Boone County, Missouri",17
"Buchanan County, Missouri",15
"Butler County, Missouri",13
"Caldwell County, Missouri",11
"Callaway County, Missouri",17
"Camden County, Missouri",23
"Cape Girardeau County, Missouri",11
"Carroll County, Missouri",19
"Carter County, Missouri",10
"Cass County, Missouri",16
"Cedar County, Missouri",8
"Chariton County, Missouri",7
"Christian County, Missouri",12
"Clark County, Missouri",11
"Clay County, Missouri",16
"Clinton County, Missouri",14
"Cole County, Missouri",17
"Cooper County, Missouri",14
"Crawford County, Missouri",9
"Dade County, Missouri",11
"Dallas County, Missouri",14
"Daviess County, Missouri",25
"DeKalb County, Missouri",13
"Dent County, Missouri",4
"Douglas County, Missouri",7
"Dunklin County, Missouri",7
"Franklin County, Missouri",8
"Gasconade County, Missouri",12
"Gentry County, Missouri",20
"Greene County, Missouri",12
"Grundy County, Missouri",5
"Harrison County, Missouri",9
"Henry County, Missouri",12
"Hickory County, Missouri",9
"Holt County, Missouri",16
"Howard County, Missouri",11
"Howell County, Missouri",9
"Iron County, Missouri",14
"Jackson County, Missouri",19
"Jasper County, Missouri",12
"Jefferson County, Missouri",11
"Johnson County, Missouri",11
"Knox County, Missouri",0
"Laclede County, Missouri",9
"Lafayette County, Missouri",13
"Lawrence County, Missouri",9
"Lewis County, Missouri",3
"Lincoln County, Missouri",8
"Linn County, Missouri",18
"Livingston County, Missouri",20
"McDonald County, Missouri",5
"Macon County, Missouri",11
"Madison County, Missouri",11
"Maries County, Missouri",6
"Marion County, Missouri",5
"Mercer County, Missouri",4
"Miller County, Missouri",9
"Mississippi County, Missouri",7
"Moniteau County, Missouri",17
"Monroe County, Missouri",24
"Montgomery County, Missouri",5
"Morgan County, Missouri",15
"New Madrid County, Missouri",7
"Newton County, Missouri",11
"Nodaway County, Missouri",12
"Oregon County, Missouri",6
"Osage County, Missouri",8
"Ozark County, Missouri",14
"Pemiscot County, Missouri",8
"Perry County, Missouri",10
"Pettis County, Missouri",8
"Phelps County, Missouri",15
"Pike County, Missouri",14
"Platte County, Missouri",19
"Polk County, Missouri",16
"Pulaski County, Missouri",10
"Putnam County, Missouri",18
"Ralls County, Missouri",8
"Randolph County, Missouri",13
"Ray County, Missouri",10
"Reynolds County, Missouri",7
"Ripley County, Missouri",7
"St. Charles County, Missouri",14
"St. Clair County, Missouri",2
"Ste. Genevieve County, Missouri",7
"St. Francois County, Missouri",9
"St. Louis County, Missouri",20
"Saline County, Missouri",9
"Schuyler County, Missouri",10
"Scotland County, Missouri",0
"Scott County, Missouri",6
"Shannon County, Missouri",10
"Shelby County, Missouri",14
"Stoddard County, Missouri",10
"Stone County, Missouri",13
"Sullivan County, Missouri",13
"Taney County, Missouri",13
"Texas County, Missouri",4
"Vernon County, Missouri",10
"Warren County, Missouri",13
"Washington County, Missouri",14
"Wayne County, Missouri",8
"Webster County, Missouri",8
"Worth County, Missouri",17
"Wright County, Missouri",7
"Beaverhead County, Montana",9
"Big Horn County, Montana",17
"Blaine County, Montana",9
"Broadwater County, Montana",12
"Carbon County, Montana",24
"Carter County, Montana",0
"Cascade County, Montana",17
"Chouteau County, Montana",21
"Custer County, Montana",15
"Daniels County, Montana",22
"Dawson County, Montana",16
"Deer Lodge County, Montana",21
"Fallon County, Montana",4
"Fergus County, Montana",5
"Flathead County, Montana",18
"Gallatin County, Montana",18
"Garfield County, Montana",0
"Glacier County, Montana",12
"Golden Valley County, Montana",19
"Granite County, Montana",10
"Hill County, Montana",25
"Jefferson County, Montana",24
"Judith Basin County, Montana",13
"Lake County, Montana",16
"Lewis and Clark County, Montana",25
"Liberty County, Montana",0
"Lincoln County, Montana",17
"McCone County, Montana",0
"Madison County, Montana",18
"Meagher County, Montana",8
"Mineral County, Montana",31
"Missoula County, Montana",23
"Musselshell County, Montana",0
"Park County, Montana",20
"Petroleum County, Montana",0
"Phillips County, Montana",6
"Pondera County, Montana",8
"Powder River County, Montana",9
"Powell County, Montana",13
"Prairie County, Montana",12
"Ravalli County, Montana",24
"Richland County, Montana",14
"Roosevelt County, Montana",7
"Rosebud County, Montana",16
"Sanders County, Montana",17
"Sheridan County, Montana",26
"Silver Bow County, Montana",16
"Stillwater County, Montana",21
"Sweet Grass County, Montana",14
"Teton County, Montana",23
"Toole County, Montana",5
"Treasure County, Montana",0
"Valley County, Montana",22
"Wheatland County, Montana",13
"Wibaux County, Montana",0
"Yellowstone County, Montana",15
"Adams County, Nebraska",13
"Antelope County, Nebraska",51
"Arthur County, Nebraska",27
"Banner County, Nebraska",0
"Blaine County, Nebraska",42
"Boone County, Nebraska",9
"Box Butte County, Nebraska",7
"Boyd County, Nebraska",0
"Brown County, Nebraska",17
"Buffalo County, Nebraska",11
"Burt County, Nebraska",9
"Butler County, Nebraska",7
"Cass County, Nebraska",17
"Cedar County, Nebraska",3
"Chase County, Nebraska",13
"Cherry County, Nebraska",9
"Cheyenne County, Nebraska",9
"Clay County, Nebraska",6
"Colfax County, Nebraska",16
"Cuming County, Nebraska",9
"Custer County, Nebraska",16
"Dakota County, Nebraska",10
"Dawes County, Nebraska",6
"Dawson County, Nebraska",5
"Deuel County, Nebraska",5
"Dixon County, Nebraska",17
"Dodge County, Nebraska",15
"Douglas County, Nebraska",19
"Dundy County, Nebraska",51
"Fillmore County, Nebraska",9
"Franklin County, Nebraska",6
"Frontier County, Nebraska",35
"Furnas County, Nebraska",0
"Gage County, Nebraska",19
"Garden County, Nebraska",14
"Garfield County, Nebraska",0
"Gosper County, Nebraska",0
"Grant County, Nebraska",0
"Greeley County, Nebraska",24
"Hall County, Nebraska",8
"Hamilton County, Nebraska",15
"Harlan County, Nebraska",12
"Hayes County, Nebraska",18
"Hitchcock County, Nebraska",18
"Holt County, Nebraska",5
"Hooker County, Nebraska",0
"Howard County, Nebraska",17
"Jefferson County, Nebraska",14
"Johnson County, Nebraska",10
"Kearney County, Nebraska",19
"Keith County, Nebraska",21
"Keya Paha County, Nebraska",0
"Kimball County, Nebraska",3
"Knox County, Nebraska",11
"Lancaster County, Nebraska",17
"Lincoln County, Nebraska",7
"Logan County, Nebraska",0
"Loup County, Nebraska",0
"McPherson County, Nebraska",0
"Madison County, Nebraska",8
"Merrick County, Nebraska",8
"Morrill County, Nebraska",14
"Nance County, Nebraska",9
"Nemaha County, Nebraska",13
"Nuckolls County, Nebraska",10
"Otoe County, Nebraska",20
"Pawnee County, Nebraska",22
"Perkins County, Nebraska",9
"Phelps County, Nebraska",14
"Pierce County, Nebraska",9
"Platte County, Nebraska",13
"Polk County, Nebraska",9
"Red Willow County, Nebraska",11
"Richardson County, Nebraska",13
"Rock County, Nebraska",22
"Saline County, Nebraska",8
"Sarpy County, Nebraska",18
"Saunders County, Nebraska",19
"Scotts Bluff County, Nebraska",11
"Seward County, Nebraska",12
"Sheridan County, Nebraska",0
"Sherman County, Nebraska",0
"Sioux County, Nebraska",8
"Stanton County, Nebraska",10
"Thayer County, Nebraska",5
"Thomas County, Nebraska",0
"Thurston County, Nebraska",8
"Valley County, Nebraska",9
"Washington County, Nebraska",23
"Wayne County, Nebraska",13
"Webster County, Nebraska",8
"Wheeler County, Nebraska",16
"York County, Nebraska",13
"Churchill County, Nevada",9
"Clark County, Nevada",13
"Douglas County, Nevada",28
"Elko County, Nevada",9
"Esmeralda County, Nevada",11
"Eureka County, Nevada",3
"Humboldt County, Nevada",17
"Lander County, Nevada",16
"Lincoln County, Nevada",21
"Lyon County, Nevada",19
"Mineral County, Nevada",3
"Nye County, Nevada",15
"Pershing County, Nevada",26
"Storey County, Nevada",25
"Washoe County, Nevada",18
"White Pine County, Nevada",21
"Belknap County, New Hampshire",30
"Carroll County, New Hampshire",29
"Cheshire County, New Hampshire",24
"Coos County, New Hampshire",20
"Grafton County, New Hampshire",24
"Hillsborough County, New Hampshire",22
"Merrimack County, New Hampshire",22
"Rockingham County, New Hampshire",24
"Strafford County, New Hampshire",21
"Sullivan County, New Hampshire",29
"Atlantic County, New Jersey",19
"Bergen County, New Jersey",28
"Burlington County, New Jersey",23
"Camden County, New Jersey",22
"Cape May County, New Jersey",29
"Cumberland County, New Jersey",13
"Essex County, New Jersey",21
"Gloucester County, New Jersey",18
"Hudson County, New Jersey",20
"Hunterdon County, New Jersey",30
"Mercer County, New Jersey",26
"Middlesex County, New Jersey",21
"Monmouth County, New Jersey",26
"Morris County, New Jersey",29
"Ocean County, New Jersey",24
"Passaic County, New Jersey",13
"Salem County, New Jersey",16
"Somerset County, New Jersey",27
"Sussex County, New Jersey",23
"Union County, New Jersey",22
"Warren County, New Jersey",23
"Bernalillo County, New Mexico",21
"Catron County, New Mexico",14
"Chaves County, New Mexico",13
"Cibola County, New Mexico",20
"Colfax County, New Mexico",21
"Curry County, New Mexico",9
"De Baca County, New Mexico",0
"Doa Ana County, New Mexico",16
"Eddy County, New Mexico",9
"Grant County, New Mexico",17
"Guadalupe County, New Mexico",13
"Harding County, New Mexico",8
"Hidalgo County, New Mexico",16
"Lea County, New Mexico",7
"Lincoln County, New Mexico",18
"Los Alamos County, New Mexico",0
"Luna County, New Mexico",13
"McKinley County, New Mexico",14
"Mora County, New Mexico",15
"Otero County, New Mexico",16
"Quay County, New Mexico",12
"Rio Arriba County, New Mexico",24
"Roosevelt County, New Mexico",8
"Sandoval County, New Mexico",25
"San Juan County, New Mexico",14
"San Miguel County, New Mexico",13
"Santa Fe County, New Mexico",40
"Sierra County, New Mexico",32
"Socorro County, New Mexico",16
"Taos County, New Mexico",32
"Torrance County, New Mexico",10
"Union County, New Mexico",10
"Valencia County, New Mexico",21
"Albany County, New York",21
"Allegany County, New York",10
"Bronx County, New York",13
"Broome County, New York",17
"Cattaraugus County, New York",16
"Cayuga County, New York",19
"Chautauqua County, New York",16
"Chemung County, New York",14
"Chenango County, New York",16
"Clinton County, New York",14
"Columbia County, New York",34
"Cortland County, New York",14
"Delaware County, New York",24
"Dutchess County, New York",25
"Erie County, New York",18
"Essex County, New York",23
"Franklin County, New York",18
"Fulton County, New York",14
"Genesee County, New York",14
"Greene County, New York",22
"Hamilton County, New York",37
"Herkimer County, New York",10
"Jefferson County, New York",12
"Kings County, New York",29
"Lewis County, New York",7
"Livingston County, New York",16
"Madison County, New York",23
"Monroe County, New York",21
"Montgomery County, New York",16
"Nassau County, New York",24
"New York County, New York",36
"Niagara County, New York",14
"Oneida County, New York",16
"Onondaga County, New York",23
"Ontario County, New York",20
"Orange County, New York",23
"Orleans County, New York",13
"Oswego County, New York",13
"Otsego County, New York",17
"Putnam County, New York",30
"Queens County, New York",20
"Rensselaer County, New York",21
"Richmond County, New York",22
"Rockland County, New York",28
"St. Lawrence County, New York",19
"Saratoga County, New York",25
"Schenectady County, New York",22
"Schoharie County, New York",13
"Schuyler County, New York",13
"Seneca County, New York",14
"Steuben County, New York",16
"Suffolk County, New York",22
"Sullivan County, New York",24
"Tioga County, New York",15
"Tompkins County, New York",24
"Ulster County, New York",29
"Warren County, New York",20
"Washington County, New York",17
"Wayne County, New York",19
"Westchester County, New York",29
"Wyoming County, New York",10
"Yates County, New York",22
"Alamance County, North Carolina",10
"Alexander County, North Carolina",6
"Alleghany County, North Carolina",8
"Anson County, North Carolina",6
"Ashe County, North Carolina",20
"Avery County, North Carolina",16
"Beaufort County, North Carolina",13
"Bertie County, North Carolina",3
"Bladen County, North Carolina",6
"Brunswick County, North Carolina",23
"Buncombe County, North Carolina",30
"Burke County, North Carolina",14
"Cabarrus County, North Carolina",13
"Caldwell County, North Carolina",10
"Camden County, North Carolina",16
"Carteret County, North Carolina",26
"Caswell County, North Carolina",10
"Catawba County, North Carolina",12
"Chatham County, North Carolina",26
"Cherokee County, North Carolina",20
"Chowan County, North Carolina",18
"Clay County, North Carolina",22
"Cleveland County, North Carolina",11
"Columbus County, North Carolina",7
"Craven County, North Carolina",17
"Cumberland County, North Carolina",11
"Currituck County, North Carolina",11
"Dare County, North Carolina",22
"Davidson County, North Carolina",10
"Davie County, North Carolina",12
"Duplin County, North Carolina",8
"Durham County, North Carolina",25
"Edgecombe County, North Carolina",10
"Forsyth County, North Carolina",15
"Franklin County, North Carolina",22
"Gaston County, North Carolina",11
"Gates County, North Carolina",7
"Graham County, North Carolina",25
"Granville County, North Carolina",13
"Greene County, North Carolina",6
"Guilford County, North Carolina",14
"Halifax County, North Carolina",10
"Harnett County, North Carolina",13
"Haywood County, North Carolina",27
"Henderson County, North Carolina",25
"Hertford County, North Carolina",5
"Hoke County, North Carolina",10
"Hyde County, North Carolina",24
"Iredell County, North Carolina",14
"Jackson County, North Carolina",15
"Johnston County, North Carolina",10
"Jones County, North Carolina",10
"Lee County, North Carolina",10
"Lenoir County, North Carolina",14
"Lincoln County, North Carolina",13
"McDowell County, North Carolina",12
"Macon County, North Carolina",23
"Madison County, North Carolina",14
"Martin County, North Carolina",10
"Mecklenburg County, North Carolina",18
"Mitchell County, North Carolina",14
"Montgomery County, North Carolina",5
"Moore County, North Carolina",24
"Nash County, North Carolina",7
"New Hanover County, North Carolina",20
"Northampton County, North Carolina",13
"Onslow County, North Carolina",10
"Orange County, North Carolina",30
"Pamlico County, North Carolina",18
"Pasquotank County, North Carolina",8
"Pender County, North Carolina",14
"Perquimans County, North Carolina",13
"Person County, North Carolina",7
"Pitt County, North Carolina",11
"Polk County, North Carolina",33
"Randolph County, North Carolina",10
"Richmond County, North Carolina",12
"Robeson County, North Carolina",6
"Rockingham County, North Carolina",9
"Rowan County, North Carolina",12
"Rutherford County, North Carolina",10
"Sampson County, North Carolina",9
"Scotland County, North Carolina",14
"Stanly County, North Carolina",10
"Stokes County, North Carolina",9
"Surry County, North Carolina",8
"Swain County, North Carolina",16
"Transylvania County, North Carolina",27
"Tyrrell County, North Carolina",3
"Union County, North Carolina",17
"Vance County, North Carolina",11
"Wake County, North Carolina",17
"Warren County, North Carolina",5
"Washington County, North Carolina",1
"Watauga County, North Carolina",17
"Wayne County, North Carolina",9
"Wilkes County, North Carolina",12
"Wilson County, North Carolina",10
"Yadkin County, North Carolina",8
"Yancey County, North Carolina",31
"Adams County, North Dakota",13
"Barnes County, North Dakota",8
"Benson County, North Dakota",23
"Billings County, North Dakota",16
"Bottineau County, North Dakota",25
"Bowman County, North Dakota",16
"Burke County, North Dakota",20
"Burleigh County, North Dakota",13
"Cass County, North Dakota",16
"Cavalier County, North Dakota",16
"Dickey County, North Dakota",19
"Divide County, North Dakota",13
"Dunn County, North Dakota",6
"Eddy County, North Dakota",11
"Emmons County, North Dakota",17
"Foster County, North Dakota",20
"Golden Valley County, North Dakota",0
"Grand Forks County, North Dakota",12
"Grant County, North Dakota",42
"Griggs County, North Dakota",20
"Hettinger County, North Dakota",28
"Kidder County, North Dakota",4
"LaMoure County, North Dakota",12
"Logan County, North Dakota",19
"McHenry County, North Dakota",12
"McIntosh County, North Dakota",0
"McKenzie County, North Dakota",6
"McLean County, North Dakota",10
"Mercer County, North Dakota",5
"Morton County, North Dakota",10
"Mountrail County, North Dakota",8
"Nelson County, North Dakota",34
"Oliver County, North Dakota",0
"Pembina County, North Dakota",8
"Pierce County, North Dakota",6
"Ramsey County, North Dakota",14
"Ransom County, North Dakota",17
"Renville County, North Dakota",14
"Richland County, North Dakota",9
"Rolette County, North Dakota",10
"Sargent County, North Dakota",9
"Sheridan County, North Dakota",64
"Sioux County, North Dakota",8
"Slope County, North Dakota",0
"Stark County, North Dakota",9
"Steele County, North Dakota",16
"Stutsman County, North Dakota",12
"Towner County, North Dakota",13
"Traill County, North Dakota",28
"Walsh County, North Dakota",5
"Ward County, North Dakota",7
"Wells County, North Dakota",25
"Williams County, North Dakota",9
"Adams County, Ohio",8
"Allen County, Ohio",10
"Ashland County, Ohio",11
"Ashtabula County, Ohio",12
"Athens County, Ohio",17
"Auglaize County, Ohio",7
"Belmont County, Ohio",15
"Brown County, Ohio",9
"Butler County, Ohio",15
"Carroll County, Ohio",8
"Champaign County, Ohio",11
"Clark County, Ohio",13
"Clermont County, Ohio",17
"Clinton County, Ohio",9
"Columbiana County, Ohio",12
"Coshocton County, Ohio",10
"Crawford County, Ohio",9
"Cuyahoga County, Ohio",18
"Darke County, Ohio",9
"Defiance County, Ohio",12
"Delaware County, Ohio",19
"Erie County, Ohio",14
"Fairfield County, Ohio",13
"Fayette County, Ohio",7
"Franklin County, Ohio",17
"Fulton County, Ohio",16
"Gallia County, Ohio",4
"Geauga County, Ohio",22
"Greene County, Ohio",16
"Guernsey County, Ohio",10
"Hamilton County, Ohio",19
"Hancock County, Ohio",11
"Hardin County, Ohio",6
"Harrison County, Ohio",4
"Henry County, Ohio",13
"Highland County, Ohio",7
"Hocking County, Ohio",11
"Holmes County, Ohio",5
"Huron County, Ohio",12
"Jackson County, Ohio",6
"Jefferson County, Ohio",8
"Knox County, Ohio",13
"Lake County, Ohio",17
"Lawrence County, Ohio",11
"Licking County, Ohio",13
"Logan County, Ohio",9
"Lorain County, Ohio",18
"Lucas County, Ohio",18
"Madison County, Ohio",15
"Mahoning County, Ohio",15
"Marion County, Ohio",12
"Medina County, Ohio",17
"Meigs County, Ohio",10
"Mercer County, Ohio",9
"Miami County, Ohio",13
"Monroe County, Ohio",11
"Montgomery County, Ohio",16
"Morgan County, Ohio",7
"Morrow County, Ohio",10
"Muskingum County, Ohio",9
"Noble County, Ohio",9
"Ottawa County, Ohio",26
"Paulding County, Ohio",11
"Perry County, Ohio",11
"Pickaway County, Ohio",10
"Pike County, Ohio",16
"Portage County, Ohio",14
"Preble County, Ohio",14
"Putnam County, Ohio",7
"Richland County, Ohio",10
"Ross County, Ohio",9
"Sandusky County, Ohio",13
"Scioto County, Ohio",10
"Seneca County, Ohio",11
"Shelby County, Ohio",14
"Stark County, Ohio",12
"Summit County, Ohio",17
"Trumbull County, Ohio",13
"Tuscarawas County, Ohio",11
"Union County, Ohio",10
"Van Wert County, Ohio",12
"Vinton County, Ohio",10
"Warren County, Ohio",20
"Washington County, Ohio",10
"Wayne County, Ohio",13
"Williams County, Ohio",11
"Wood County, Ohio",17
"Wyandot County, Ohio",9
"Adair County, Oklahoma",6
"Alfalfa County, Oklahoma",0
"Atoka County, Oklahoma",7
"Beaver County, Oklahoma",5
"Beckham County, Oklahoma",11
"Blaine County, Oklahoma",6
"Bryan County, Oklahoma",10
"Caddo County, Oklahoma",11
"Canadian County, Oklahoma",12
"Carter County, Oklahoma",14
"Cherokee County, Oklahoma",12
"Choctaw County, Oklahoma",14
"Cimarron County, Oklahoma",19
"Cleveland County, Oklahoma",14
"Coal County, Oklahoma",11
"Comanche County, Oklahoma",11
"Cotton County, Oklahoma",4
"Craig County, Oklahoma",8
"Creek County, Oklahoma",12
"Custer County, Oklahoma",4
"Delaware County, Oklahoma",10
"Dewey County, Oklahoma",8
"Ellis County, Oklahoma",3
"Garfield County, Oklahoma",10
"Garvin County, Oklahoma",6
"Grady County, Oklahoma",11
"Grant County, Oklahoma",4
"Greer County, Oklahoma",12
"Harmon County, Oklahoma",0
"Harper County, Oklahoma",26
"Haskell County, Oklahoma",13
"Hughes County, Oklahoma",3
"Jackson County, Oklahoma",15
"Jefferson County, Oklahoma",3
"Johnston County, Oklahoma",15
"Kay County, Oklahoma",11
"Kingfisher County, Oklahoma",6
"Kiowa County, Oklahoma",5
"Latimer County, Oklahoma",11
"Le Flore County, Oklahoma",7
"Lincoln County, Oklahoma",15
"Logan County, Oklahoma",19
"Love County, Oklahoma",9
"McClain County, Oklahoma",16
"McCurtain County, Oklahoma",6
"McIntosh County, Oklahoma",11
"Major County, Oklahoma",4
"Marshall County, Oklahoma",4
"Mayes County, Oklahoma",10
"Murray County, Oklahoma",8
"Muskogee County, Oklahoma",12
"Noble County, Oklahoma",11
"Nowata County, Oklahoma",3
"Okfuskee County, Oklahoma",11
"Oklahoma County, Oklahoma",14
"Okmulgee County, Oklahoma",10
"Osage County, Oklahoma",13
"Ottawa County, Oklahoma",11
"Pawnee County, Oklahoma",5
"Payne County, Oklahoma",12
"Pittsburg County, Oklahoma",7
"Pontotoc County, Oklahoma",8
"Pottawatomie County, Oklahoma",9
"Pushmataha County, Oklahoma",5
"Roger Mills County, Oklahoma",17
"Rogers County, Oklahoma",10
"Seminole County, Oklahoma",13
"Sequoyah County, Oklahoma",13
"Stephens County, Oklahoma",12
"Texas County, Oklahoma",6
"Tillman County, Oklahoma",12
"Tulsa County, Oklahoma",15
"Wagoner County, Oklahoma",15
"Washington County, Oklahoma",15
"Washita County, Oklahoma",15
"Woods County, Oklahoma",8
"Woodward County, Oklahoma",3
"Baker County, Oregon",21
"Benton County, Oregon",22
"Clackamas County, Oregon",29
"Clatsop County, Oregon",35
"Columbia County, Oregon",18
"Coos County, Oregon",24
"Crook County, Oregon",17
"Curry County, Oregon",31
"Deschutes County, Oregon",28
"Douglas County, Oregon",19
"Gilliam County, Oregon",21
"Grant County, Oregon",36
"Harney County, Oregon",15
"Hood River County, Oregon",31
"Jackson County, Oregon",24
"Jefferson County, Oregon",15
"Josephine County, Oregon",23
"Klamath County, Oregon",13
"Lake County, Oregon",17
"Lane County, Oregon",27
"Lincoln County, Oregon",35
"Linn County, Oregon",15
"Malheur County, Oregon",6
"Marion County, Oregon",19
"Morrow County, Oregon",0
"Multnomah County, Oregon",29
"Polk County, Oregon",23
"Sherman County, Oregon",5
"Tillamook County, Oregon",29
"Umatilla County, Oregon",11
"Union County, Oregon",18
"Wallowa County, Oregon",19
"Wasco County, Oregon",24
"Washington County, Oregon",26
"Wheeler County, Oregon",38
"Yamhill County, Oregon",19
"Adams County, Pennsylvania",13
"Allegheny County, Pennsylvania",21
"Armstrong County, Pennsylvania",15
"Beaver County, Pennsylvania",15
"Bedford County, Pennsylvania",11
"Berks County, Pennsylvania",16
"Blair County, Pennsylvania",12
"Bradford County, Pennsylvania",12
"Bucks County, Pennsylvania",27
"Butler County, Pennsylvania",16
"Cambria County, Pennsylvania",14
"Cameron County, Pennsylvania",7
"Carbon County, Pennsylvania",17
"Centre County, Pennsylvania",18
"Chester County, Pennsylvania",28
"Clarion County, Pennsylvania",12
"Clearfield County, Pennsylvania",12
"Clinton County, Pennsylvania",12
"Columbia County, Pennsylvania",17
"Crawford County, Pennsylvania",12
"Cumberland County, Pennsylvania",19
"Dauphin County, Pennsylvania",18
"Delaware County, Pennsylvania",25
"Elk County, Pennsylvania",11
"Erie County, Pennsylvania",17
"Fayette County, Pennsylvania",13
"Forest County, Pennsylvania",12
"Franklin County, Pennsylvania",13
"Fulton County, Pennsylvania",6
"Greene County, Pennsylvania",16
"Huntingdon County, Pennsylvania",10
"Indiana County, Pennsylvania",12
"Jefferson County, Pennsylvania",10
"Juniata County, Pennsylvania",12
"Lackawanna County, Pennsylvania",20
"Lancaster County, Pennsylvania",16
"Lawrence County, Pennsylvania",15
"Lebanon County, Pennsylvania",13
"Lehigh County, Pennsylvania",19
"Luzerne County, Pennsylvania",17
"Lycoming County, Pennsylvania",15
"McKean County, Pennsylvania",11
"Mercer County, Pennsylvania",16
"Mifflin County, Pennsylvania",10
"Monroe County, Pennsylvania",16
"Montgomery County, Pennsylvania",28
"Montour County, Pennsylvania",23
"Northampton County, Pennsylvania",20
"Northumberland County, Pennsylvania",15
"Perry County, Pennsylvania",11
"Philadelphia County, Pennsylvania",19
"Pike County, Pennsylvania",22
"Potter County, Pennsylvania",11
"Schuylkill County, Pennsylvania",17
"Snyder County, Pennsylvania",20
"Somerset County, Pennsylvania",15
"Sullivan County, Pennsylvania",24
"Susquehanna County, Pennsylvania",24
"Tioga County, Pennsylvania",12
"Union County, Pennsylvania",21
"Venango County, Pennsylvania",13
"Warren County, Pennsylvania",16
"Washington County, Pennsylvania",16
"Wayne County, Pennsylvania",26
"Westmoreland County, Pennsylvania",17
"Wyoming County, Pennsylvania",19
"York County, Pennsylvania",14
"Bristol County, Rhode Island",30
"Kent County, Rhode Island",18
"Newport County, Rhode Island",27
"Providence County, Rhode Island",18
"Washington County, Rhode Island",25
"Abbeville County, South Carolina",9
"Aiken County, South Carolina",16
"Allendale County, South Carolina",6
"Anderson County, South Carolina",10
"Bamberg County, South Carolina",5
"Barnwell County, South Carolina",8
"Beaufort County, South Carolina",29
"Berkeley County, South Carolina",11
"Calhoun County, South Carolina",8
"Charleston County, South Carolina",21
"Cherokee County, South Carolina",7
"Chester County, South Carolina",10
"Chesterfield County, South Carolina",8
"Clarendon County, South Carolina",9
"Colleton County, South Carolina",8
"Darlington County, South Carolina",7
"Dillon County, South Carolina",8
"Dorchester County, South Carolina",13
"Edgefield County, South Carolina",12
"Fairfield County, South Carolina",7
"Florence County, South Carolina",10
"Georgetown County, South Carolina",22
"Greenville County, South Carolina",14
"Greenwood County, South Carolina",7
"Hampton County, South Carolina",6
"Horry County, South Carolina",15
"Jasper County, South Carolina",14
"Kershaw County, South Carolina",8
"Lancaster County, South Carolina",16
"Laurens County, South Carolina",11
"Lee County, South Carolina",7
"Lexington County, South Carolina",11
"McCormick County, South Carolina",26
"Marion County, South Carolina",5
"Marlboro County, South Carolina",6
"Newberry County, South Carolina",13
"Oconee County, South Carolina",14
"Orangeburg County, South Carolina",7
"Pickens County, South Carolina",10
"Richland County, South Carolina",14
"Saluda County, South Carolina",3
"Spartanburg County, South Carolina",11
"Sumter County, South Carolina",8
"Union County, South Carolina",11
"Williamsburg County, South Carolina",4
"York County, South Carolina",15
"Aurora County, South Dakota",13
"Beadle County, South Dakota",13
"Bennett County, South Dakota",9
"Bon Homme County, South Dakota",18
"Brookings County, South Dakota",9
"Brown County, South Dakota",11
"Brule County, South Dakota",6
"Buffalo County, South Dakota",12
"Butte County, South Dakota",9
"Campbell County, South Dakota",0
"Charles Mix County, South Dakota",15
"Clark County, South Dakota",13
"Clay County, South Dakota",13
"Codington County, South Dakota",13
"Corson County, South Dakota",0
"Custer County, South Dakota",23
"Davison County, South Dakota",10
"Day County, South Dakota",10
"Deuel County, South Dakota",10
"Dewey County, South Dakota",4
"Douglas County, South Dakota",5
"Edmunds County, South Dakota",7
"Fall River County, South Dakota",19
"Faulk County, South Dakota",8
"Grant County, South Dakota",17
"Gregory County, South Dakota",4
"Haakon County, South Dakota",14
"Hamlin County, South Dakota",5
"Hand County, South Dakota",7
"Hanson County, South Dakota",22
"Harding County, South Dakota",63
"Hughes County, South Dakota",15
"Hutchinson County, South Dakota",6
"Hyde County, South Dakota",0
"Jackson County, South Dakota",0
"Jerauld County, South Dakota",8
"Jones County, South Dakota",20
"Kingsbury County, South Dakota",19
"Lake County, South Dakota",13
"Lawrence County, South Dakota",22
"Lincoln County, South Dakota",19
"Lyman County, South Dakota",19
"McCook County, South Dakota",9
"McPherson County, South Dakota",21
"Marshall County, South Dakota",16
"Meade County, South Dakota",8
"Mellette County, South Dakota",9
"Miner County, South Dakota",18
"Minnehaha County, South Dakota",14
"Moody County, South Dakota",12
"Pennington County, South Dakota",19
"Perkins County, South Dakota",22
"Potter County, South Dakota",13
"Roberts County, South Dakota",13
"Sanborn County, South Dakota",14
"Shannon County, South Dakota",4
"Spink County, South Dakota",10
"Stanley County, South Dakota",5
"Sully County, South Dakota",20
"Todd County, South Dakota",16
"Tripp County, South Dakota",13
"Turner County, South Dakota",12
"Union County, South Dakota",9
"Walworth County, South Dakota",10
"Yankton County, South Dakota",13
"Ziebach County, South Dakota",15
"Anderson County, Tennessee",17
"Bedford County, Tennessee",10
"Benton County, Tennessee",4
"Bledsoe County, Tennessee",15
"Blount County, Tennessee",14
"Bradley County, Tennessee",10
"Campbell County, Tennessee",9
"Cannon County, Tennessee",10
"Carroll County, Tennessee",12
"Carter County, Tennessee",12
"Cheatham County, Tennessee",13
"Chester County, Tennessee",12
"Claiborne County, Tennessee",11
"Clay County, Tennessee",9
"Cocke County, Tennessee",8
"Coffee County, Tennessee",12
"Crockett County, Tennessee",11
"Cumberland County, Tennessee",15
"Davidson County, Tennessee",19
"Decatur County, Tennessee",10
"DeKalb County, Tennessee",11
"Dickson County, Tennessee",10
"Dyer County, Tennessee",6
"Fayette County, Tennessee",18
"Fentress County, Tennessee",10
"Franklin County, Tennessee",17
"Gibson County, Tennessee",10
"Giles County, Tennessee",7
"Grainger County, Tennessee",9
"Greene County, Tennessee",12
"Grundy County, Tennessee",7
"Hamblen County, Tennessee",11
"Hamilton County, Tennessee",15
"Hancock County, Tennessee",0
"Hardeman County, Tennessee",13
"Hardin County, Tennessee",9
"Hawkins County, Tennessee",8
"Haywood County, Tennessee",14
"Henderson County, Tennessee",11
"Henry County, Tennessee",13
"Hickman County, Tennessee",12
"Houston County, Tennessee",10
"Humphreys County, Tennessee",10
"Jackson County, Tennessee",15
"Jefferson County, Tennessee",15
"Johnson County, Tennessee",11
"Knox County, Tennessee",18
"Lake County, Tennessee",0
"Lauderdale County, Tennessee",2
"Lawrence County, Tennessee",10
"Lewis County, Tennessee",6
"Lincoln County, Tennessee",12
"Loudon County, Tennessee",17
"McMinn County, Tennessee",12
"McNairy County, Tennessee",9
"Macon County, Tennessee",15
"Madison County, Tennessee",12
"Marion County, Tennessee",16
"Marshall County, Tennessee",8
"Maury County, Tennessee",17
"Meigs County, Tennessee",6
"Monroe County, Tennessee",12
"Montgomery County, Tennessee",9
"Moore County, Tennessee",7
"Morgan County, Tennessee",12
"Obion County, Tennessee",10
"Overton County, Tennessee",18
"Perry County, Tennessee",15
"Pickett County, Tennessee",3
"Polk County, Tennessee",7
"Putnam County, Tennessee",12
"Rhea County, Tennessee",13
"Roane County, Tennessee",11
"Robertson County, Tennessee",12
"Rutherford County, Tennessee",13
"Scott County, Tennessee",6
"Sequatchie County, Tennessee",8
"Sevier County, Tennessee",11
"Shelby County, Tennessee",13
"Smith County, Tennessee",11
"Stewart County, Tennessee",5
"Sullivan County, Tennessee",13
"Sumner County, Tennessee",16
"Tipton County, Tennessee",11
"Trousdale County, Tennessee",11
"Unicoi County, Tennessee",10
"Union County, Tennessee",7
"Van Buren County, Tennessee",9
"Warren County, Tennessee",13
"Washington County, Tennessee",14
"Wayne County, Tennessee",11
"Weakley County, Tennessee",8
"White County, Tennessee",7
"Williamson County, Tennessee",21
"Wilson County, Tennessee",15
"Anderson County, Texas",10
"Andrews County, Texas",8
"Angelina County, Texas",10
"Aransas County, Texas",9
"Archer County, Texas",10
"Armstrong County, Texas",0
"Atascosa County, Texas",8
"Austin County, Texas",10
"Bailey County, Texas",9
"Bandera County, Texas",16
"Bastrop County, Texas",15
"Baylor County, Texas",0
"Bee County, Texas",11
"Bell County, Texas",10
"Bexar County, Texas",14
"Blanco County, Texas",37
"Borden County, Texas",0
"Bosque County, Texas",19
"Bowie County, Texas",10
"Brazoria County, Texas",12
"Brazos County, Texas",11
"Brewster County, Texas",16
"Briscoe County, Texas",39
"Brooks County, Texas",10
"Brown County, Texas",7
"Burleson County, Texas",9
"Burnet County, Texas",13
"Caldwell County, Texas",13
"Calhoun County, Texas",10
"Callahan County, Texas",9
"Cameron County, Texas",11
"Camp County, Texas",14
"Carson County, Texas",24
"Cass County, Texas",8
"Castro County, Texas",4
"Chambers County, Texas",7
"Cherokee County, Texas",11
"Childress County, Texas",2
"Clay County, Texas",6
"Cochran County, Texas",25
"Coke County, Texas",17
"Coleman County, Texas",10
"Collin County, Texas",14
"Collingsworth County, Texas",25
"Colorado County, Texas",17
"Comal County, Texas",16
"Comanche County, Texas",9
"Concho County, Texas",0
"Cooke County, Texas",10
"Coryell County, Texas",6
"Cottle County, Texas",13
"Crane County, Texas",3
"Crockett County, Texas",7
"Crosby County, Texas",5
"Culberson County, Texas",0
"Dallam County, Texas",4
"Dallas County, Texas",15
"Dawson County, Texas",8
"Deaf Smith County, Texas",5
"Delta County, Texas",22
"Denton County, Texas",16
"DeWitt County, Texas",6
"Dickens County, Texas",20
"Dimmit County, Texas",7
"Donley County, Texas",10
"Duval County, Texas",12
"Eastland County, Texas",10
"Ector County, Texas",7
"Edwards County, Texas",17
"Ellis County, Texas",10
"El Paso County, Texas",11
"Erath County, Texas",7
"Falls County, Texas",6
"Fannin County, Texas",11
"Fayette County, Texas",17
"Fisher County, Texas",26
"Floyd County, Texas",8
"Foard County, Texas",0
"Fort Bend County, Texas",15
"Franklin County, Texas",9
"Freestone County, Texas",6
"Frio County, Texas",6
"Gaines County, Texas",8
"Galveston County, Texas",13
"Garza County, Texas",5
"Gillespie County, Texas",20
"Glasscock County, Texas",26
"Goliad County, Texas",14
"Gonzales County, Texas",7
"Gray County, Texas",4
"Grayson County, Texas",12
"Gregg County, Texas",11
"Grimes County, Texas",6
"Guadalupe County, Texas",13
"Hale County, Texas",7
"Hall County, Texas",0
"Hamilton County, Texas",18
"Hansford County, Texas",15
"Hardeman County, Texas",6
"Hardin County, Texas",11
"Harris County, Texas",13
"Harrison County, Texas",8
"Hartley County, Texas",0
"Haskell County, Texas",19
"Hays County, Texas",15
"Hemphill County, Texas",0
"Henderson County, Texas",8
"Hidalgo County, Texas",8
"Hill County, Texas",11
"Hockley County, Texas",8
"Hood County, Texas",13
"Hopkins County, Texas",9
"Houston County, Texas",6
"Howard County, Texas",7
"Hudspeth County, Texas",9
"Hunt County, Texas",10
"Hutchinson County, Texas",8
"Irion County, Texas",0
"Jack County, Texas",10
"Jackson County, Texas",6
"Jasper County, Texas",8
"Jeff Davis County, Texas",23
"Jefferson County, Texas",10
"Jim Hogg County, Texas",4
"Jim Wells County, Texas",11
"Johnson County, Texas",7
"Jones County, Texas",9
"Karnes County, Texas",6
"Kaufman County, Texas",11
"Kendall County, Texas",23
"Kenedy County, Texas",0
"Kent County, Texas",0
"Kerr County, Texas",14
"Kimble County, Texas",6
"King County, Texas",0
"Kinney County, Texas",13
"Kleberg County, Texas",11
"Knox County, Texas",4
"Lamar County, Texas",8
"Lamb County, Texas",3
"Lampasas County, Texas",7
"La Salle County, Texas",3
"Lavaca County, Texas",17
"Lee County, Texas",5
"Leon County, Texas",14
"Liberty County, Texas",7
"Limestone County, Texas",8
"Lipscomb County, Texas",5
"Live Oak County, Texas",5
"Llano County, Texas",22
"Loving County, Texas",7
"Lubbock County, Texas",9
"Lynn County, Texas",3
"McCulloch County, Texas",6
"McLennan County, Texas",11
"McMullen County, Texas",5
"Madison County, Texas",4
"Marion County, Texas",6
"Martin County, Texas",1
"Mason County, Texas",32
"Matagorda County, Texas",7
"Maverick County, Texas",4
"Medina County, Texas",8
"Menard County, Texas",0
"Midland County, Texas",7
"Milam County, Texas",9
"Mills County, Texas",6
"Mitchell County, Texas",6
"Montague County, Texas",9
"Montgomery County, Texas",14
"Moore County, Texas",8
"Morris County, Texas",4
"Motley County, Texas",0
"Nacogdoches County, Texas",9
"Navarro County, Texas",8
"Newton County, Texas",25
"Nolan County, Texas",11
"Nueces County, Texas",12
"Ochiltree County, Texas",3
"Oldham County, Texas",11
"Orange County, Texas",9
"Palo Pinto County, Texas",9
"Panola County, Texas",9
"Parker County, Texas",14
"Parmer County, Texas",5
"Pecos County, Texas",11
"Polk County, Texas",8
"Potter County, Texas",9
"Presidio County, Texas",17
"Rains County, Texas",12
"Randall County, Texas",11
"Reagan County, Texas",2
"Real County, Texas",12
"Red River County, Texas",8
"Reeves County, Texas",8
"Refugio County, Texas",13
"Roberts County, Texas",0
"Robertson County, Texas",8
"Rockwall County, Texas",16
"Runnels County, Texas",17
"Rusk County, Texas",8
"Sabine County, Texas",11
"San Augustine County, Texas",19
"San Jacinto County, Texas",14
"San Patricio County, Texas",12
"San Saba County, Texas",4
"Schleicher County, Texas",19
"Scurry County, Texas",9
"Shackelford County, Texas",23
"Shelby County, Texas",7
"Sherman County, Texas",12
"Smith County, Texas",11
"Somervell County, Texas",10
"Starr County, Texas",5
"Stephens County, Texas",11
"Sterling County, Texas",14
"Stonewall County, Texas",24
"Sutton County, Texas",6
"Swisher County, Texas",11
"Tarrant County, Texas",12
"Taylor County, Texas",12
"Terrell County, Texas",14
"Terry County, Texas",6
"Throckmorton County, Texas",10
"Titus County, Texas",8
"Tom Green County, Texas",9
"Travis County, Texas",23
"Trinity County, Texas",7
"Tyler County, Texas",11
"Upshur County, Texas",11
"Upton County, Texas",2
"Uvalde County, Texas",5
"Val Verde County, Texas",6
"Van Zandt County, Texas",11
"Victoria County, Texas",15
"Walker County, Texas",9
"Waller County, Texas",9
"Ward County, Texas",2
"Washington County, Texas",11
"Webb County, Texas",5
"Wharton County, Texas",13
"Wheeler County, Texas",13
"Wichita County, Texas",7
"Wilbarger County, Texas",12
"Willacy County, Texas",9
"Williamson County, Texas",18
"Wilson County, Texas",8
"Winkler County, Texas",3
"Wise County, Texas",6
"Wood County, Texas",17
"Yoakum County, Texas",6
"Young County, Texas",7
"Zapata County, Texas",5
"Zavala County, Texas",6
"Beaver County, Utah",11
"Box Elder County, Utah",10
"Cache County, Utah",10
"Carbon County, Utah",11
"Daggett County, Utah",40
"Davis County, Utah",11
"Duchesne County, Utah",4
"Emery County, Utah",12
"Garfield County, Utah",28
"Grand County, Utah",15
"Iron County, Utah",9
"Juab County, Utah",10
"Kane County, Utah",35
"Millard County, Utah",6
"Morgan County, Utah",17
"Piute County, Utah",0
"Rich County, Utah",21
"Salt Lake County, Utah",16
"San Juan County, Utah",13
"Sanpete County, Utah",7
"Sevier County, Utah",9
"Summit County, Utah",15
"Tooele County, Utah",14
"Uintah County, Utah",7
"Utah County, Utah",10
"Wasatch County, Utah",17
"Washington County, Utah",15
"Wayne County, Utah",17
"Weber County, Utah",11
"Addison County, Vermont",31
"Bennington County, Vermont",28
"Caledonia County, Vermont",20
"Chittenden County, Vermont",26
"Essex County, Vermont",21
"Franklin County, Vermont",18
"Grand Isle County, Vermont",25
"Lamoille County, Vermont",29
"Orange County, Vermont",23
"Orleans County, Vermont",20
"Rutland County, Vermont",24
"Washington County, Vermont",32
"Windham County, Vermont",36
"Windsor County, Vermont",27
"Accomack County, Virginia",20
"Albemarle County, Virginia",25
"Alleghany County, Virginia",10
"Amelia County, Virginia",9
"Amherst County, Virginia",15
"Appomattox County, Virginia",11
"Arlington County, Virginia",46
"Augusta County, Virginia",18
"Bath County, Virginia",16
"Bedford County, Virginia",18
"Bland County, Virginia",12
"Botetourt County, Virginia",12
"Brunswick County, Virginia",22
"Buchanan County, Virginia",6
"Buckingham County, Virginia",13
"Campbell County, Virginia",11
"Caroline County, Virginia",14
"Carroll County, Virginia",8
"Charles City County, Virginia",40
"Charlotte County, Virginia",6
"Chesterfield County, Virginia",21
"Clarke County, Virginia",29
"Craig County, Virginia",4
"Culpeper County, Virginia",20
"Cumberland County, Virginia",29
"Dickenson County, Virginia",6
"Dinwiddie County, Virginia",16
"Essex County, Virginia",16
"Fairfax County, Virginia",33
"Fauquier County, Virginia",23
"Floyd County, Virginia",9
"Fluvanna County, Virginia",18
"Franklin County, Virginia",13
"Frederick County, Virginia",14
"Giles County, Virginia",12
"Gloucester County, Virginia",15
"Goochland County, Virginia",24
"Grayson County, Virginia",12
"Greene County, Virginia",16
"Greensville County, Virginia",9
"Halifax County, Virginia",12
"Hanover County, Virginia",24
"Henrico County, Virginia",22
"Henry County, Virginia",10
"Highland County, Virginia",16
"Isle of Wight County, Virginia",13
"James City County, Virginia",40
"King and Queen County, Virginia",17
"King George County, Virginia",16
"King William County, Virginia",18
"Lancaster County, Virginia",36
"Lee County, Virginia",12
"Loudoun County, Virginia",14
"Louisa County, Virginia",20
"Lunenburg County, Virginia",12
"Madison County, Virginia",22
"Mathews County, Virginia",26
"Mecklenburg County, Virginia",11
"Middlesex County, Virginia",40
"Montgomery County, Virginia",17
"Nelson County, Virginia",36
"New Kent County, Virginia",20
"Northampton County, Virginia",9
"Northumberland County, Virginia",29
"Nottoway County, Virginia",10
"Orange County, Virginia",17
"Page County, Virginia",15
"Patrick County, Virginia",15
"Pittsylvania County, Virginia",12
"Powhatan County, Virginia",19
"Prince Edward County, Virginia",32
"Prince George County, Virginia",13
"Prince William County, Virginia",26
"Pulaski County, Virginia",10
"Rappahannock County, Virginia",23
"Richmond County, Virginia",27
"Roanoke County, Virginia",17
"Rockbridge County, Virginia",16
"Rockingham County, Virginia",15
"Russell County, Virginia",5
"Scott County, Virginia",5
"Shenandoah County, Virginia",19
"Smyth County, Virginia",6
"Southampton County, Virginia",13
"Spotsylvania County, Virginia",20
"Stafford County, Virginia",21
"Surry County, Virginia",17
"Sussex County, Virginia",8
"Tazewell County, Virginia",9
"Warren County, Virginia",17
"Washington County, Virginia",10
"Westmoreland County, Virginia",22
"Wise County, Virginia",8
"Wythe County, Virginia",12
"York County, Virginia",22
"Adams County, Washington",20
"Asotin County, Washington",19
"Benton County, Washington",15
"Chelan County, Washington",22
"Clallam County, Washington",29
"Clark County, Washington",23
"Columbia County, Washington",20
"Cowlitz County, Washington",20
"Douglas County, Washington",17
"Ferry County, Washington",22
"Franklin County, Washington",8
"Garfield County, Washington",16
"Grant County, Washington",9
"Grays Harbor County, Washington",22
"Island County, Washington",36
"Jefferson County, Washington",51
"King County, Washington",31
"Kitsap County, Washington",29
"Kittitas County, Washington",19
"Klickitat County, Washington",29
"Lewis County, Washington",23
"Lincoln County, Washington",28
"Mason County, Washington",31
"Okanogan County, Washington",22
"Pacific County, Washington",20
"Pend Oreille County, Washington",25
"Pierce County, Washington",21
"San Juan County, Washington",43
"Skagit County, Washington",25
"Skamania County, Washington",25
"Snohomish County, Washington",24
"Spokane County, Washington",21
"Stevens County, Washington",14
"Thurston County, Washington",23
"Wahkiakum County, Washington",17
"Walla Walla County, Washington",20
"Whatcom County, Washington",25
"Whitman County, Washington",16
"Yakima County, Washington",13
"Barbour County, West Virginia",8
"Berkeley County, West Virginia",14
"Boone County, West Virginia",14
"Braxton County, West Virginia",19
"Brooke County, West Virginia",11
"Cabell County, West Virginia",15
"Calhoun County, West Virginia",17
"Clay County, West Virginia",12
"Doddridge County, West Virginia",0
"Fayette County, West Virginia",10
"Gilmer County, West Virginia",22
"Grant County, West Virginia",8
"Greenbrier County, West Virginia",13
"Hampshire County, West Virginia",12
"Hancock County, West Virginia",10
"Hardy County, West Virginia",13
"Harrison County, West Virginia",13
"Jackson County, West Virginia",13
"Jefferson County, West Virginia",29
"Kanawha County, West Virginia",17
"Lewis County, West Virginia",11
"Lincoln County, West Virginia",12
"Logan County, West Virginia",5
"McDowell County, West Virginia",8
"Marion County, West Virginia",16
"Marshall County, West Virginia",8
"Mason County, West Virginia",12
"Mercer County, West Virginia",9
"Mineral County, West Virginia",9
"Mingo County, West Virginia",11
"Monongalia County, West Virginia",14
"Monroe County, West Virginia",12
"Morgan County, West Virginia",10
"Nicholas County, West Virginia",20
"Ohio County, West Virginia",16
"Pendleton County, West Virginia",11
"Pleasants County, West Virginia",3
"Pocahontas County, West Virginia",11
"Preston County, West Virginia",9
"Putnam County, West Virginia",16
"Raleigh County, West Virginia",13
"Randolph County, West Virginia",11
"Ritchie County, West Virginia",5
"Roane County, West Virginia",6
"Summers County, West Virginia",12
"Taylor County, West Virginia",9
"Tucker County, West Virginia",18
"Tyler County, West Virginia",8
"Upshur County, West Virginia",8
"Wayne County, West Virginia",12
"Webster County, West Virginia",10
"Wetzel County, West Virginia",12
"Wirt County, West Virginia",3
"Wood County, West Virginia",12
"Wyoming County, West Virginia",4
"Adams County, Wisconsin",15
"Ashland County, Wisconsin",18
"Barron County, Wisconsin",14
"Bayfield County, Wisconsin",29
"Brown County, Wisconsin",15
"Buffalo County, Wisconsin",9
"Burnett County, Wisconsin",20
"Calumet County, Wisconsin",15
"Chippewa County, Wisconsin",15
"Clark County, Wisconsin",11
"Columbia County, Wisconsin",18
"Crawford County, Wisconsin",15
"Dane County, Wisconsin",28
"Dodge County, Wisconsin",12
"Door County, Wisconsin",37
"Douglas County, Wisconsin",23
"Dunn County, Wisconsin",12
"Eau Claire County, Wisconsin",17
"Florence County, Wisconsin",5
"Fond du Lac County, Wisconsin",13
"Forest County, Wisconsin",12
"Grant County, Wisconsin",10
"Green County, Wisconsin",21
"Green Lake County, Wisconsin",23
"Iowa County, Wisconsin",19
"Iron County, Wisconsin",18
"Jackson County, Wisconsin",8
"Jefferson County, Wisconsin",17
"Juneau County, Wisconsin",14
"Kenosha County, Wisconsin",16
"Kewaunee County, Wisconsin",19
"La Crosse County, Wisconsin",18
"Lafayette County, Wisconsin",15
"Langlade County, Wisconsin",9
"Lincoln County, Wisconsin",16
"Manitowoc County, Wisconsin",14
"Marathon County, Wisconsin",18
"Marinette County, Wisconsin",14
"Marquette County, Wisconsin",17
"Menominee County, Wisconsin",23
"Milwaukee County, Wisconsin",18
"Monroe County, Wisconsin",9
"Oconto County, Wisconsin",15
"Oneida County, Wisconsin",19
"Outagamie County, Wisconsin",17
"Ozaukee County, Wisconsin",26
"Pepin County, Wisconsin",33
"Pierce County, Wisconsin",22
"Polk County, Wisconsin",18
"Portage County, Wisconsin",17
"Price County, Wisconsin",18
"Racine County, Wisconsin",14
"Richland County, Wisconsin",15
"Rock County, Wisconsin",15
"Rusk County, Wisconsin",15
"St. Croix County, Wisconsin",21
"Sauk County, Wisconsin",14
"Sawyer County, Wisconsin",17
"Shawano County, Wisconsin",16
"Sheboygan County, Wisconsin",16
"Taylor County, Wisconsin",7
"Trempealeau County, Wisconsin",12
"Vernon County, Wisconsin",21
"Vilas County, Wisconsin",18
"Walworth County, Wisconsin",20
"Washburn County, Wisconsin",17
"Washington County, Wisconsin",14
"Waukesha County, Wisconsin",19
"Waupaca County, Wisconsin",17
"Waushara County, Wisconsin",12
"Winnebago County, Wisconsin",17
"Wood County, Wisconsin",15
"Albany County, Wyoming",13
"Big Horn County, Wyoming",19
"Campbell County, Wyoming",9
"Carbon County, Wyoming",11
"Converse County, Wyoming",5
"Crook County, Wyoming",24
"Fremont County, Wyoming",12
"Goshen County, Wyoming",13
"Hot Springs County, Wyoming",19
"Johnson County, Wyoming",16
"Laramie County, Wyoming",13
"Lincoln County, Wyoming",16
"Natrona County, Wyoming",13
"Niobrara County, Wyoming",0
"Park County, Wyoming",13
"Platte County, Wyoming",11
"Sheridan County, Wyoming",10
"Sublette County, Wyoming",16
"Sweetwater County, Wyoming",8
"Teton County, Wyoming",24
"Uinta County, Wyoming",9
"Washakie County, Wyoming",3
"Weston County, Wyoming",8